# MagicaVoxel @ Ephtracy

# group
o taxi

# material
mtllib taxi.vox.mtl
usemtl palette

# normals
vn -1 0 0
vn 1 0 0
vn 0 -1 0
vn 0 1 0
vn 0 0 -1
vn 0 0 1

# texcoords
vt 0.00195312 0.5
vt 0.341797 0.5
vt 0.369141 0.5
vt 0.861328 0.5
vt 0.876953 0.5
vt 0.962891 0.5
vt 0.966797 0.5
vt 0.978516 0.5
vt 0.990234 0.5
vt 0.994141 0.5

# verts
v -5.9 1.9 -1.9
v -5.9 2.2 -1.9
v -5.9 1.8 -1.8
v -5.9 1.9 -1.8
v -5.9 2 -1.8
v -5.9 2.1 -1.8
v -5.9 2.2 -1.8
v -5.9 2.3 -1.8
v -5.9 1.9 -1.7
v -5.9 2 -1.7
v -5.9 2.1 -1.7
v -5.9 2.2 -1.7
v -5.9 1.9 -1.6
v -5.9 2 -1.6
v -5.9 2.1 -1.6
v -5.9 2.2 -1.6
v -5.9 1.8 -1.5
v -5.9 1.9 -1.5
v -5.9 2 -1.5
v -5.9 2.1 -1.5
v -5.9 2.2 -1.5
v -5.9 2.3 -1.5
v -5.9 1.9 -1.4
v -5.9 2.2 -1.4
v -5.9 1.9 -1.2
v -5.9 2.2 -1.2
v -5.9 0.9 -0.2
v -5.9 1.7 -0.2
v -5.9 0.9 0
v -5.9 1.7 0
v -5.9 1.9 1
v -5.9 2.2 1
v -5.9 1.9 1.2
v -5.9 2.2 1.2
v -5.9 1.8 1.3
v -5.9 1.9 1.3
v -5.9 2 1.3
v -5.9 2.1 1.3
v -5.9 2.2 1.3
v -5.9 2.3 1.3
v -5.9 1.9 1.4
v -5.9 2 1.4
v -5.9 2.1 1.4
v -5.9 2.2 1.4
v -5.9 1.9 1.5
v -5.9 2 1.5
v -5.9 2.1 1.5
v -5.9 2.2 1.5
v -5.9 1.8 1.6
v -5.9 1.9 1.6
v -5.9 2 1.6
v -5.9 2.1 1.6
v -5.9 2.2 1.6
v -5.9 2.3 1.6
v -5.9 1.9 1.7
v -5.9 2.2 1.7
v -5.8 1.2 -2
v -5.8 1.3 -2
v -5.8 1.9 -2
v -5.8 2.3 -2
v -5.8 0.5 -1.9
v -5.8 0.7 -1.9
v -5.8 0.9 -1.9
v -5.8 1 -1.9
v -5.8 1.8 -1.9
v -5.8 1.9 -1.9
v -5.8 2.2 -1.9
v -5.8 1.8 -1.8
v -5.8 1.9 -1.8
v -5.8 2.2 -1.8
v -5.8 2.3 -1.8
v -5.8 1 -1.6
v -5.8 1.2 -1.6
v -5.8 1.3 -1.6
v -5.8 1.6 -1.6
v -5.8 1 -1.5
v -5.8 1.2 -1.5
v -5.8 1.3 -1.5
v -5.8 1.5 -1.5
v -5.8 1.6 -1.5
v -5.8 1.7 -1.5
v -5.8 1.8 -1.5
v -5.8 1.9 -1.5
v -5.8 2.2 -1.5
v -5.8 2.3 -1.5
v -5.8 1.5 -1.4
v -5.8 1.6 -1.4
v -5.8 1.8 -1.4
v -5.8 1.9 -1.4
v -5.8 2.2 -1.4
v -5.8 1.9 -1.2
v -5.8 2.2 -1.2
v -5.8 0.9 -0.2
v -5.8 1 -0.2
v -5.8 1.2 -0.2
v -5.8 1.3 -0.2
v -5.8 1.6 -0.2
v -5.8 1.7 -0.2
v -5.8 0.9 0
v -5.8 1 0
v -5.8 1.2 0
v -5.8 1.3 0
v -5.8 1.6 0
v -5.8 1.7 0
v -5.8 1.9 1
v -5.8 2.2 1
v -5.8 1.5 1.2
v -5.8 1.6 1.2
v -5.8 1.8 1.2
v -5.8 1.9 1.2
v -5.8 2.2 1.2
v -5.8 1 1.3
v -5.8 1.2 1.3
v -5.8 1.3 1.3
v -5.8 1.5 1.3
v -5.8 1.6 1.3
v -5.8 1.7 1.3
v -5.8 1.8 1.3
v -5.8 1.9 1.3
v -5.8 2.2 1.3
v -5.8 2.3 1.3
v -5.8 1 1.4
v -5.8 1.2 1.4
v -5.8 1.3 1.4
v -5.8 1.6 1.4
v -5.8 1.8 1.6
v -5.8 1.9 1.6
v -5.8 2.2 1.6
v -5.8 2.3 1.6
v -5.8 0.5 1.7
v -5.8 0.7 1.7
v -5.8 0.9 1.7
v -5.8 1 1.7
v -5.8 1.8 1.7
v -5.8 1.9 1.7
v -5.8 2.2 1.7
v -5.8 1.2 1.8
v -5.8 1.3 1.8
v -5.8 1.9 1.8
v -5.8 2.3 1.8
v -5.7 0.5 -2
v -5.7 0.7 -2
v -5.7 0.9 -2
v -5.7 1.2 -2
v -5.7 1.3 -2
v -5.7 1.9 -2
v -5.7 2.3 -2
v -5.7 2.4 -2
v -5.7 0.4 -1.9
v -5.7 0.5 -1.9
v -5.7 0.7 -1.9
v -5.7 0.8 -1.9
v -5.7 0.9 -1.9
v -5.7 1 -1.9
v -5.7 1.8 -1.9
v -5.7 1.9 -1.9
v -5.7 0.8 -1.6
v -5.7 0.9 -1.6
v -5.7 1 -1.6
v -5.7 1.2 -1.6
v -5.7 1.3 -1.6
v -5.7 1.6 -1.6
v -5.7 0.8 -1.5
v -5.7 0.9 -1.5
v -5.7 1 -1.5
v -5.7 1.2 -1.5
v -5.7 1.3 -1.5
v -5.7 1.5 -1.5
v -5.7 1.6 -1.5
v -5.7 1.7 -1.5
v -5.7 1.5 -1.4
v -5.7 1.6 -1.4
v -5.7 1.8 -1.4
v -5.7 1.9 -1.4
v -5.7 1 -0.2
v -5.7 1.2 -0.2
v -5.7 1.3 -0.2
v -5.7 1.6 -0.2
v -5.7 1 0
v -5.7 1.2 0
v -5.7 1.3 0
v -5.7 1.6 0
v -5.7 1.5 1.2
v -5.7 1.6 1.2
v -5.7 1.8 1.2
v -5.7 1.9 1.2
v -5.7 0.8 1.3
v -5.7 0.9 1.3
v -5.7 1 1.3
v -5.7 1.2 1.3
v -5.7 1.3 1.3
v -5.7 1.5 1.3
v -5.7 1.6 1.3
v -5.7 1.7 1.3
v -5.7 0.8 1.4
v -5.7 0.9 1.4
v -5.7 1 1.4
v -5.7 1.2 1.4
v -5.7 1.3 1.4
v -5.7 1.6 1.4
v -5.7 0.4 1.7
v -5.7 0.5 1.7
v -5.7 0.7 1.7
v -5.7 0.8 1.7
v -5.7 0.9 1.7
v -5.7 1 1.7
v -5.7 1.8 1.7
v -5.7 1.9 1.7
v -5.7 0.5 1.8
v -5.7 0.7 1.8
v -5.7 0.9 1.8
v -5.7 1.2 1.8
v -5.7 1.3 1.8
v -5.7 1.9 1.8
v -5.7 2.3 1.8
v -5.7 2.4 1.8
v -5.6 0.4 -2
v -5.6 0.5 -2
v -5.6 0.7 -2
v -5.6 0.8 -2
v -5.6 0.9 -2
v -5.6 2.4 -2
v -5.6 2.5 -2
v -5.6 0.4 -1.9
v -5.6 0.5 -1.9
v -5.6 0.7 -1.9
v -5.6 0.8 -1.9
v -5.6 0.8 -1.6
v -5.6 0.9 -1.6
v -5.6 0.8 -1.5
v -5.6 0.9 -1.5
v -5.6 0.8 1.3
v -5.6 0.9 1.3
v -5.6 0.8 1.4
v -5.6 0.9 1.4
v -5.6 0.4 1.7
v -5.6 0.5 1.7
v -5.6 0.7 1.7
v -5.6 0.8 1.7
v -5.6 0.4 1.8
v -5.6 0.5 1.8
v -5.6 0.7 1.8
v -5.6 0.8 1.8
v -5.6 0.9 1.8
v -5.6 2.4 1.8
v -5.6 2.5 1.8
v -5.1 0.4 -2
v -5.1 0.6 -2
v -5.1 0.7 -2
v -5.1 0.8 -2
v -5.1 0.4 1.8
v -5.1 0.6 1.8
v -5.1 0.7 1.8
v -5.1 0.8 1.8
v -4.8 0.3 -2
v -4.8 0.4 -2
v -4.8 1.1 -2
v -4.8 1.2 -2
v -4.8 0.3 1.8
v -4.8 0.4 1.8
v -4.8 1.1 1.8
v -4.8 1.2 1.8
v -4.7 0.2 -2
v -4.7 0.3 -2
v -4.7 0.2 1.8
v -4.7 0.3 1.8
v -4.6 0.1 -2
v -4.6 0.2 -2
v -4.6 0.1 1.8
v -4.6 0.2 1.8
v -4.5 0 -2
v -4.5 0.1 -2
v -4.5 0 1.8
v -4.5 0.1 1.8
v -3.1 0.6 -2
v -3.1 0.8 -2
v -3.1 0.6 1.8
v -3.1 0.8 1.8
v -3 0.5 -2
v -3 0.6 -2
v -3 0.5 1.8
v -3 0.6 1.8
v -2.4 2.5 -2
v -2.4 2.6 -2
v -2.4 2.5 -1.9
v -2.4 2.6 -1.9
v -2.4 2.5 1.7
v -2.4 2.6 1.7
v -2.4 2.5 1.8
v -2.4 2.6 1.8
v -2.3 2.6 -2
v -2.3 2.7 -2
v -2.3 2.6 -1.9
v -2.3 2.7 -1.9
v -2.3 2.6 1.7
v -2.3 2.7 1.7
v -2.3 2.6 1.8
v -2.3 2.7 1.8
v -2.2 2.7 -2
v -2.2 2.8 -2
v -2.2 2.7 -1.9
v -2.2 2.8 -1.9
v -2.2 2.7 1.7
v -2.2 2.8 1.7
v -2.2 2.7 1.8
v -2.2 2.8 1.8
v -2.1 2.8 -2
v -2.1 2.9 -2
v -2.1 2.8 -1.9
v -2.1 2.9 -1.9
v -2.1 2.8 1.7
v -2.1 2.9 1.7
v -2.1 2.8 1.8
v -2.1 2.9 1.8
v -2 2.9 -2
v -2 3 -2
v -2 2.9 -1.9
v -2 3 -1.9
v -2 2.9 1.7
v -2 3 1.7
v -2 2.9 1.8
v -2 3 1.8
v -1.9 3 -2
v -1.9 3.1 -2
v -1.9 3 -1.9
v -1.9 3.1 -1.9
v -1.9 3 1.7
v -1.9 3.1 1.7
v -1.9 3 1.8
v -1.9 3.1 1.8
v -1.8 3.1 -2
v -1.8 3.2 -2
v -1.8 3.1 -1.9
v -1.8 3.2 -1.9
v -1.8 3.1 1.7
v -1.8 3.2 1.7
v -1.8 3.1 1.8
v -1.8 3.2 1.8
v -1.7 3.2 -2
v -1.7 3.3 -2
v -1.7 3.2 -1.9
v -1.7 3.3 -1.9
v -1.7 3.2 1.7
v -1.7 3.3 1.7
v -1.7 3.2 1.8
v -1.7 3.3 1.8
v -1.6 3.3 -2
v -1.6 3.4 -2
v -1.6 3.3 -1.9
v -1.6 3.4 -1.9
v -1.6 3.3 1.7
v -1.6 3.4 1.7
v -1.6 3.3 1.8
v -1.6 3.4 1.8
v -1.5 3.4 -2
v -1.5 3.5 -2
v -1.5 3.4 -1.9
v -1.5 3.4 1.7
v -1.5 3.4 1.8
v -1.5 3.5 1.8
v -1.4 3.5 -2
v -1.4 3.6 -2
v -1.4 3.5 1.8
v -1.4 3.6 1.8
v -0.6 3.6 -0.9
v -0.6 3.9 -0.9
v -0.6 3.6 0.7
v -0.6 3.9 0.7
v -0.5 3.9 -0.9
v -0.5 4 -0.9
v -0.5 3.9 0.7
v -0.5 4 0.7
v -0.4 4 -0.9
v -0.4 4.1 -0.9
v -0.4 4 0.7
v -0.4 4.1 0.7
v 3 0.5 -2
v 3 0.6 -2
v 3 0.5 1.8
v 3 0.6 1.8
v 3.1 0.3 -2
v 3.1 0.5 -2
v 3.1 0.3 1.8
v 3.1 0.5 1.8
v 3.2 0.2 -2
v 3.2 0.3 -2
v 3.2 0.2 1.8
v 3.2 0.3 1.8
v 3.3 0.1 -2
v 3.3 0.2 -2
v 3.3 0.1 1.8
v 3.3 0.2 1.8
v 3.5 0 -2
v 3.5 0.1 -2
v 3.5 0 1.8
v 3.5 0.1 1.8
v 4.8 0.5 -2
v 4.8 0.6 -2
v 4.8 0.5 1.8
v 4.8 0.6 1.8
v 5.6 0.8 -2
v 5.6 1 -2
v 5.6 0.8 1.8
v 5.6 1 1.8
v 5.7 0.6 -2
v 5.7 0.7 -2
v 5.7 1 -2
v 5.7 1.1 -2
v 5.7 0.6 1.8
v 5.7 0.7 1.8
v 5.7 1 1.8
v 5.7 1.1 1.8
v -5.2 0.4 -2
v -5.2 0.6 -2
v -5.2 0.7 -2
v -5.2 0.8 -2
v -5.2 0.4 1.8
v -5.2 0.6 1.8
v -5.2 0.7 1.8
v -5.2 0.8 1.8
v -4.9 1.1 -2
v -4.9 1.2 -2
v -4.9 1.1 1.8
v -4.9 1.2 1.8
v -3.6 0 -2
v -3.6 0.1 -2
v -3.6 0 1.8
v -3.6 0.1 1.8
v -3.5 0.1 -2
v -3.5 0.2 -2
v -3.5 0.1 1.8
v -3.5 0.2 1.8
v -3.4 0.2 -2
v -3.4 0.3 -2
v -3.4 0.2 1.8
v -3.4 0.3 1.8
v -3.3 0.3 -2
v -3.3 0.4 -2
v -3.3 0.3 1.8
v -3.3 0.4 1.8
v -3.2 0.4 -2
v -3.2 0.8 -2
v -3.2 0.4 1.8
v -3.2 0.8 1.8
v -0.3 4 -0.9
v -0.3 4.1 -0.9
v -0.3 4 0.7
v -0.3 4.1 0.7
v -0.2 3.9 -0.9
v -0.2 4 -0.9
v -0.2 3.9 0.7
v -0.2 4 0.7
v -0.0999999 3.6 -0.9
v -0.0999999 3.9 -0.9
v -0.0999999 3.6 0.7
v -0.0999999 3.9 0.7
v 1.7 3.5 -2
v 1.7 3.6 -2
v 1.7 3.5 1.8
v 1.7 3.6 1.8
v 1.9 3.4 -2
v 1.9 3.5 -2
v 1.9 3.4 -1.8
v 1.9 3.4 1.6
v 1.9 3.4 1.8
v 1.9 3.5 1.8
v 2.1 3.3 -2
v 2.1 3.4 -2
v 2.1 3.3 -1.8
v 2.1 3.4 -1.8
v 2.1 3.3 1.6
v 2.1 3.4 1.6
v 2.1 3.3 1.8
v 2.1 3.4 1.8
v 2.2 3.2 -2
v 2.2 3.3 -2
v 2.2 3.2 -1.8
v 2.2 3.3 -1.8
v 2.2 3.2 1.6
v 2.2 3.3 1.6
v 2.2 3.2 1.8
v 2.2 3.3 1.8
v 2.4 3.1 -2
v 2.4 3.2 -2
v 2.4 3.1 -1.8
v 2.4 3.2 -1.8
v 2.4 3.1 1.6
v 2.4 3.2 1.6
v 2.4 3.1 1.8
v 2.4 3.2 1.8
v 2.6 3 -2
v 2.6 3.1 -2
v 2.6 3 -1.8
v 2.6 3.1 -1.8
v 2.6 3 1.6
v 2.6 3.1 1.6
v 2.6 3 1.8
v 2.6 3.1 1.8
v 2.7 2.9 -2
v 2.7 3 -2
v 2.7 2.9 -1.8
v 2.7 3 -1.8
v 2.7 2.9 1.6
v 2.7 3 1.6
v 2.7 2.9 1.8
v 2.7 3 1.8
v 2.9 0.5 -2
v 2.9 0.6 -2
v 2.9 2.8 -2
v 2.9 2.9 -2
v 2.9 2.8 -1.8
v 2.9 2.9 -1.8
v 2.9 2.8 1.6
v 2.9 2.9 1.6
v 2.9 0.5 1.8
v 2.9 0.6 1.8
v 2.9 2.8 1.8
v 2.9 2.9 1.8
v 3.1 2.7 -2
v 3.1 2.8 -2
v 3.1 2.7 -1.8
v 3.1 2.8 -1.8
v 3.1 2.7 1.6
v 3.1 2.8 1.6
v 3.1 2.7 1.8
v 3.1 2.8 1.8
v 3.3 2.6 -2
v 3.3 2.7 -2
v 3.3 2.6 -1.8
v 3.3 2.7 -1.8
v 3.3 2.6 1.6
v 3.3 2.7 1.6
v 3.3 2.6 1.8
v 3.3 2.7 1.8
v 3.8 2.5 -2
v 3.8 2.6 -2
v 3.8 2.5 1.8
v 3.8 2.6 1.8
v 4.2 0 -2
v 4.2 0.1 -2
v 4.2 0 1.8
v 4.2 0.1 1.8
v 4.4 0.1 -2
v 4.4 0.2 -2
v 4.4 2.4 -2
v 4.4 2.5 -2
v 4.4 2.3 -1.7
v 4.4 2.4 -1.7
v 4.4 2.3 1.5
v 4.4 2.4 1.5
v 4.4 0.1 1.8
v 4.4 0.2 1.8
v 4.4 2.4 1.8
v 4.4 2.5 1.8
v 4.5 0.2 -2
v 4.5 0.3 -2
v 4.5 0.2 1.8
v 4.5 0.3 1.8
v 4.6 0.3 -2
v 4.6 0.5 -2
v 4.6 0.3 1.8
v 4.6 0.5 1.8
v 4.7 0.5 -2
v 4.7 0.6 -2
v 4.7 0.5 1.8
v 4.7 0.6 1.8
v 5.4 0.5 -2
v 5.4 0.6 -2
v 5.4 0.5 1.8
v 5.4 0.6 1.8
v 5.5 0.8 -2
v 5.5 1.1 -2
v 5.5 0.8 1.8
v 5.5 1.1 1.8
v 5.6 0.6 -2
v 5.6 0.7 -2
v 5.6 0.6 1.8
v 5.6 0.7 1.8
v 5.8 1.2 -1.7
v 5.8 2.3 -1.7
v 5.8 1.3 -1.6
v 5.8 2.3 -1.6
v 5.8 1.3 1.4
v 5.8 2.3 1.4
v 5.8 1.2 1.5
v 5.8 2.3 1.5
v 5.9 0.6 -2
v 5.9 0.7 -2
v 5.9 1 -2
v 5.9 1.1 -2
v 5.9 2.4 -2
v 5.9 1.9 -1.9
v 5.9 2.3 -1.9
v 5.9 1.9 -1.8
v 5.9 2.3 -1.8
v 5.9 1.2 -1.7
v 5.9 2.4 -1.7
v 5.9 1.3 -1.6
v 5.9 2.3 -1.6
v 5.9 1.4 -0.5
v 5.9 1.8 -0.5
v 5.9 1.4 0.3
v 5.9 1.8 0.3
v 5.9 1.3 1.4
v 5.9 2.3 1.4
v 5.9 1.2 1.5
v 5.9 2.4 1.5
v 5.9 1.9 1.6
v 5.9 2.3 1.6
v 5.9 1.9 1.7
v 5.9 2.3 1.7
v 5.9 0.6 1.8
v 5.9 0.7 1.8
v 5.9 1 1.8
v 5.9 1.1 1.8
v 5.9 2.4 1.8
v 6 0.7 -2
v 6 1 -2
v 6 1.9 -1.9
v 6 2.3 -1.9
v 6 1.9 -1.8
v 6 2.3 -1.8
v 6 1.4 -0.5
v 6 1.8 -0.5
v 6 1.5 -0.4
v 6 1.6 -0.4
v 6 1.5 -0.3
v 6 1.6 -0.3
v 6 1.7 -0.3
v 6 1.6 -0.2
v 6 1.7 -0.2
v 6 1.6 -0.1
v 6 1.7 -0.1
v 6 1.5 0
v 6 1.6 0
v 6 1.5 0.0999999
v 6 1.6 0.0999999
v 6 1.6 0.2
v 6 1.7 0.2
v 6 1.4 0.3
v 6 1.8 0.3
v 6 1.9 1.6
v 6 2.3 1.6
v 6 1.9 1.7
v 6 2.3 1.7
v 6 0.7 1.8
v 6 1 1.8
v -4.5 0 -2
v -4.5 0 1.8
v -3.6 0 -2
v -3.6 0 1.8
v 3.5 0 -2
v 3.5 0 1.8
v 4.2 0 -2
v 4.2 0 1.8
v -4.6 0.1 -2
v -4.6 0.1 1.8
v -4.5 0.1 -2
v -4.5 0.1 1.8
v -3.6 0.1 -2
v -3.6 0.1 1.8
v -3.5 0.1 -2
v -3.5 0.1 1.8
v 3.3 0.1 -2
v 3.3 0.1 1.8
v 3.5 0.1 -2
v 3.5 0.1 1.8
v 4.2 0.1 -2
v 4.2 0.1 1.8
v 4.4 0.1 -2
v 4.4 0.1 1.8
v -4.7 0.2 -2
v -4.7 0.2 1.8
v -4.6 0.2 -2
v -4.6 0.2 1.8
v -3.5 0.2 -2
v -3.5 0.2 1.8
v -3.4 0.2 -2
v -3.4 0.2 1.8
v 3.2 0.2 -2
v 3.2 0.2 1.8
v 3.3 0.2 -2
v 3.3 0.2 1.8
v 4.4 0.2 -2
v 4.4 0.2 1.8
v 4.5 0.2 -2
v 4.5 0.2 1.8
v -4.8 0.3 -2
v -4.8 0.3 1.8
v -4.7 0.3 -2
v -4.7 0.3 1.8
v -3.4 0.3 -2
v -3.4 0.3 1.8
v -3.3 0.3 -2
v -3.3 0.3 1.8
v 3.1 0.3 -2
v 3.1 0.3 1.8
v 3.2 0.3 -2
v 3.2 0.3 1.8
v 4.5 0.3 -2
v 4.5 0.3 1.8
v 4.6 0.3 -2
v 4.6 0.3 1.8
v -5.7 0.4 -1.9
v -5.7 0.4 1.7
v -5.6 0.4 -2
v -5.6 0.4 -1.9
v -5.6 0.4 1.7
v -5.6 0.4 1.8
v -5.2 0.4 -2
v -5.2 0.4 1.8
v -5.1 0.4 -2
v -5.1 0.4 1.8
v -4.9 0.4 -2
v -4.9 0.4 1.8
v -4.8 0.4 -2
v -4.8 0.4 1.8
v -3.3 0.4 -2
v -3.3 0.4 1.8
v -3.2 0.4 -2
v -3.2 0.4 1.8
v -5.8 0.5 -1.9
v -5.8 0.5 1.7
v -5.7 0.5 -2
v -5.7 0.5 -1.9
v -5.7 0.5 1.7
v -5.7 0.5 1.8
v -5.6 0.5 -2
v -5.6 0.5 -1.9
v -5.6 0.5 1.7
v -5.6 0.5 1.8
v -3 0.5 -2
v -3 0.5 1.8
v 2.9 0.5 -2
v 2.9 0.5 1.8
v 3 0.5 -2
v 3 0.5 1.8
v 3.1 0.5 -2
v 3.1 0.5 1.8
v 4.6 0.5 -2
v 4.6 0.5 1.8
v 4.7 0.5 -2
v 4.7 0.5 1.8
v 4.8 0.5 -2
v 4.8 0.5 1.8
v 5.4 0.5 -2
v 5.4 0.5 1.8
v -5.2 0.6 -2
v -5.2 0.6 1.8
v -5.1 0.6 -2
v -5.1 0.6 1.8
v -3.1 0.6 -2
v -3.1 0.6 1.8
v -3 0.6 -2
v -3 0.6 1.8
v 2.9 0.6 -2
v 2.9 0.6 1.8
v 3 0.6 -2
v 3 0.6 1.8
v 4.7 0.6 -2
v 4.7 0.6 1.8
v 4.8 0.6 -2
v 4.8 0.6 1.8
v 5.4 0.6 -2
v 5.4 0.6 1.8
v 5.6 0.6 -2
v 5.6 0.6 1.8
v 5.7 0.6 -2
v 5.7 0.6 1.8
v 5.9 0.6 -2
v 5.9 0.6 1.8
v 5.6 0.7 -2
v 5.6 0.7 1.8
v 5.7 0.7 -2
v 5.7 0.7 1.8
v 5.9 0.7 -2
v 5.9 0.7 1.8
v 6 0.7 -2
v 6 0.7 1.8
v -5.2 0.8 -2
v -5.2 0.8 1.8
v -5.1 0.8 -2
v -5.1 0.8 1.8
v -3.2 0.8 -2
v -3.2 0.8 1.8
v -3.1 0.8 -2
v -3.1 0.8 1.8
v -5.9 0.9 -0.2
v -5.9 0.9 0
v -5.8 0.9 -1.9
v -5.8 0.9 -0.2
v -5.8 0.9 0
v -5.8 0.9 1.7
v -5.7 0.9 -2
v -5.7 0.9 -1.9
v -5.7 0.9 -1.6
v -5.7 0.9 -1.5
v -5.7 0.9 1.3
v -5.7 0.9 1.4
v -5.7 0.9 1.7
v -5.7 0.9 1.8
v -5.6 0.9 -2
v -5.6 0.9 -1.6
v -5.6 0.9 -1.5
v -5.6 0.9 1.3
v -5.6 0.9 1.4
v -5.6 0.9 1.8
v 5.5 1.1 -2
v 5.5 1.1 1.8
v 5.7 1.1 -2
v 5.7 1.1 1.8
v -5.8 1.2 -2
v -5.8 1.2 -1.6
v -5.8 1.2 -1.5
v -5.8 1.2 -0.2
v -5.8 1.2 0
v -5.8 1.2 1.3
v -5.8 1.2 1.4
v -5.8 1.2 1.8
v -5.7 1.2 -2
v -5.7 1.2 -1.6
v -5.7 1.2 -1.5
v -5.7 1.2 -0.2
v -5.7 1.2 0
v -5.7 1.2 1.3
v -5.7 1.2 1.4
v -5.7 1.2 1.8
v -4.9 1.2 -2
v -4.9 1.2 1.8
v -4.8 1.2 -2
v -4.8 1.2 1.8
v 5.8 1.3 -1.6
v 5.8 1.3 1.4
v 5.9 1.3 -1.6
v 5.9 1.3 1.4
v 5.9 1.4 -0.5
v 5.9 1.4 0.3
v 6 1.4 -0.5
v 6 1.4 0.3
v -5.8 1.5 -1.5
v -5.8 1.5 -1.4
v -5.8 1.5 1.2
v -5.8 1.5 1.3
v -5.7 1.5 -1.5
v -5.7 1.5 -1.4
v -5.7 1.5 1.2
v -5.7 1.5 1.3
v -5.8 1.6 -1.4
v -5.8 1.6 -0.2
v -5.8 1.6 0
v -5.8 1.6 1.2
v -5.7 1.6 -1.4
v -5.7 1.6 -0.2
v -5.7 1.6 0
v -5.7 1.6 1.2
v -5.9 1.8 -1.8
v -5.9 1.8 -1.5
v -5.9 1.8 1.3
v -5.9 1.8 1.6
v -5.8 1.8 -1.9
v -5.8 1.8 -1.8
v -5.8 1.8 -1.5
v -5.8 1.8 -1.4
v -5.8 1.8 1.2
v -5.8 1.8 1.3
v -5.8 1.8 1.6
v -5.8 1.8 1.7
v -5.7 1.8 -1.9
v -5.7 1.8 -1.4
v -5.7 1.8 1.2
v -5.7 1.8 1.7
v -5.9 1.9 -1.9
v -5.9 1.9 -1.8
v -5.9 1.9 -1.5
v -5.9 1.9 -1.4
v -5.9 1.9 -1.2
v -5.9 1.9 1
v -5.9 1.9 1.2
v -5.9 1.9 1.3
v -5.9 1.9 1.6
v -5.9 1.9 1.7
v -5.8 1.9 -2
v -5.8 1.9 -1.9
v -5.8 1.9 -1.8
v -5.8 1.9 -1.5
v -5.8 1.9 -1.4
v -5.8 1.9 -1.2
v -5.8 1.9 1
v -5.8 1.9 1.2
v -5.8 1.9 1.3
v -5.8 1.9 1.6
v -5.8 1.9 1.7
v -5.8 1.9 1.8
v -5.7 1.9 -2
v -5.7 1.9 -1.9
v -5.7 1.9 -1.4
v -5.7 1.9 1.2
v -5.7 1.9 1.7
v -5.7 1.9 1.8
v 5.9 1.9 -1.9
v 5.9 1.9 -1.8
v 5.9 1.9 1.6
v 5.9 1.9 1.7
v 6 1.9 -1.9
v 6 1.9 -1.8
v 6 1.9 1.6
v 6 1.9 1.7
v -5.8 0.7 -1.9
v -5.8 0.7 1.7
v -5.7 0.7 -2
v -5.7 0.7 -1.9
v -5.7 0.7 1.7
v -5.7 0.7 1.8
v -5.6 0.7 -2
v -5.6 0.7 -1.9
v -5.6 0.7 1.7
v -5.6 0.7 1.8
v -5.2 0.7 -2
v -5.2 0.7 1.8
v -5.1 0.7 -2
v -5.1 0.7 1.8
v -5.7 0.8 -1.9
v -5.7 0.8 -1.6
v -5.7 0.8 -1.5
v -5.7 0.8 1.3
v -5.7 0.8 1.4
v -5.7 0.8 1.7
v -5.6 0.8 -1.9
v -5.6 0.8 -1.6
v -5.6 0.8 -1.5
v -5.6 0.8 1.3
v -5.6 0.8 1.4
v -5.6 0.8 1.7
v 5.5 0.8 -2
v 5.5 0.8 1.8
v 5.6 0.8 -2
v 5.6 0.8 1.8
v -5.8 1 -1.9
v -5.8 1 -1.6
v -5.8 1 -1.5
v -5.8 1 -0.2
v -5.8 1 0
v -5.8 1 1.3
v -5.8 1 1.4
v -5.8 1 1.7
v -5.7 1 -1.9
v -5.7 1 -1.6
v -5.7 1 -1.5
v -5.7 1 -0.2
v -5.7 1 0
v -5.7 1 1.3
v -5.7 1 1.4
v -5.7 1 1.7
v 5.6 1 -2
v 5.6 1 1.8
v 5.7 1 -2
v 5.7 1 1.8
v 5.9 1 -2
v 5.9 1 1.8
v 6 1 -2
v 6 1 1.8
v -4.9 1.1 -2
v -4.9 1.1 1.8
v -4.8 1.1 -2
v -4.8 1.1 1.8
v 5.8 1.2 -1.7
v 5.8 1.2 1.5
v 5.9 1.2 -1.7
v 5.9 1.2 1.5
v -5.8 1.3 -2
v -5.8 1.3 -1.6
v -5.8 1.3 -1.5
v -5.8 1.3 -0.2
v -5.8 1.3 0
v -5.8 1.3 1.3
v -5.8 1.3 1.4
v -5.8 1.3 1.8
v -5.7 1.3 -2
v -5.7 1.3 -1.6
v -5.7 1.3 -1.5
v -5.7 1.3 -0.2
v -5.7 1.3 0
v -5.7 1.3 1.3
v -5.7 1.3 1.4
v -5.7 1.3 1.8
v -5.8 1.6 -1.6
v -5.8 1.6 -1.5
v -5.8 1.6 1.3
v -5.8 1.6 1.4
v -5.7 1.6 -1.6
v -5.7 1.6 -1.5
v -5.7 1.6 1.3
v -5.7 1.6 1.4
v -5.9 1.7 -0.2
v -5.9 1.7 0
v -5.8 1.7 -1.5
v -5.8 1.7 -0.2
v -5.8 1.7 0
v -5.8 1.7 1.3
v -5.7 1.7 -1.5
v -5.7 1.7 1.3
v 5.9 1.8 -0.5
v 5.9 1.8 0.3
v 6 1.8 -0.5
v 6 1.8 0.3
v -5.9 2.2 -1.9
v -5.9 2.2 -1.8
v -5.9 2.2 -1.5
v -5.9 2.2 -1.4
v -5.9 2.2 -1.2
v -5.9 2.2 1
v -5.9 2.2 1.2
v -5.9 2.2 1.3
v -5.9 2.2 1.6
v -5.9 2.2 1.7
v -5.8 2.2 -1.9
v -5.8 2.2 -1.8
v -5.8 2.2 -1.5
v -5.8 2.2 -1.4
v -5.8 2.2 -1.2
v -5.8 2.2 1
v -5.8 2.2 1.2
v -5.8 2.2 1.3
v -5.8 2.2 1.6
v -5.8 2.2 1.7
v -5.9 2.3 -1.8
v -5.9 2.3 -1.5
v -5.9 2.3 1.3
v -5.9 2.3 1.6
v -5.8 2.3 -2
v -5.8 2.3 -1.8
v -5.8 2.3 -1.5
v -5.8 2.3 1.3
v -5.8 2.3 1.6
v -5.8 2.3 1.8
v -5.7 2.3 -2
v -5.7 2.3 1.8
v 4.4 2.3 -1.7
v 4.4 2.3 1.5
v 5.8 2.3 -1.7
v 5.8 2.3 -1.6
v 5.8 2.3 1.4
v 5.8 2.3 1.5
v 5.9 2.3 -1.9
v 5.9 2.3 -1.8
v 5.9 2.3 -1.6
v 5.9 2.3 1.4
v 5.9 2.3 1.6
v 5.9 2.3 1.7
v 6 2.3 -1.9
v 6 2.3 -1.8
v 6 2.3 1.6
v 6 2.3 1.7
v -5.7 2.4 -2
v -5.7 2.4 1.8
v -5.6 2.4 -2
v -5.6 2.4 1.8
v 4.4 2.4 -2
v 4.4 2.4 -1.7
v 4.4 2.4 1.5
v 4.4 2.4 1.8
v 5.9 2.4 -2
v 5.9 2.4 -1.7
v 5.9 2.4 1.5
v 5.9 2.4 1.8
v -5.6 2.5 -2
v -5.6 2.5 1.8
v -2.4 2.5 -2
v -2.4 2.5 -1.9
v -2.4 2.5 1.7
v -2.4 2.5 1.8
v 3.8 2.5 -2
v 3.8 2.5 1.8
v 4.4 2.5 -2
v 4.4 2.5 1.8
v -2.4 2.6 -2
v -2.4 2.6 -1.9
v -2.4 2.6 1.7
v -2.4 2.6 1.8
v -2.3 2.6 -2
v -2.3 2.6 -1.9
v -2.3 2.6 1.7
v -2.3 2.6 1.8
v 3.3 2.6 -2
v 3.3 2.6 -1.8
v 3.3 2.6 1.6
v 3.3 2.6 1.8
v 3.8 2.6 -2
v 3.8 2.6 1.8
v -2.3 2.7 -2
v -2.3 2.7 -1.9
v -2.3 2.7 1.7
v -2.3 2.7 1.8
v -2.2 2.7 -2
v -2.2 2.7 -1.9
v -2.2 2.7 1.7
v -2.2 2.7 1.8
v 3.1 2.7 -2
v 3.1 2.7 -1.8
v 3.1 2.7 1.6
v 3.1 2.7 1.8
v 3.3 2.7 -2
v 3.3 2.7 -1.8
v 3.3 2.7 1.6
v 3.3 2.7 1.8
v -2.2 2.8 -2
v -2.2 2.8 -1.9
v -2.2 2.8 1.7
v -2.2 2.8 1.8
v -2.1 2.8 -2
v -2.1 2.8 -1.9
v -2.1 2.8 1.7
v -2.1 2.8 1.8
v 2.9 2.8 -2
v 2.9 2.8 -1.8
v 2.9 2.8 1.6
v 2.9 2.8 1.8
v 3.1 2.8 -2
v 3.1 2.8 -1.8
v 3.1 2.8 1.6
v 3.1 2.8 1.8
v -2.1 2.9 -2
v -2.1 2.9 -1.9
v -2.1 2.9 1.7
v -2.1 2.9 1.8
v -2 2.9 -2
v -2 2.9 -1.9
v -2 2.9 1.7
v -2 2.9 1.8
v 2.7 2.9 -2
v 2.7 2.9 -1.8
v 2.7 2.9 1.6
v 2.7 2.9 1.8
v 2.9 2.9 -2
v 2.9 2.9 -1.8
v 2.9 2.9 1.6
v 2.9 2.9 1.8
v -2 3 -2
v -2 3 -1.9
v -2 3 1.7
v -2 3 1.8
v -1.9 3 -2
v -1.9 3 -1.9
v -1.9 3 1.7
v -1.9 3 1.8
v 2.6 3 -2
v 2.6 3 -1.8
v 2.6 3 1.6
v 2.6 3 1.8
v 2.7 3 -2
v 2.7 3 -1.8
v 2.7 3 1.6
v 2.7 3 1.8
v -1.9 3.1 -2
v -1.9 3.1 -1.9
v -1.9 3.1 1.7
v -1.9 3.1 1.8
v -1.8 3.1 -2
v -1.8 3.1 -1.9
v -1.8 3.1 1.7
v -1.8 3.1 1.8
v 2.4 3.1 -2
v 2.4 3.1 -1.8
v 2.4 3.1 1.6
v 2.4 3.1 1.8
v 2.6 3.1 -2
v 2.6 3.1 -1.8
v 2.6 3.1 1.6
v 2.6 3.1 1.8
v -1.8 3.2 -2
v -1.8 3.2 -1.9
v -1.8 3.2 1.7
v -1.8 3.2 1.8
v -1.7 3.2 -2
v -1.7 3.2 -1.9
v -1.7 3.2 1.7
v -1.7 3.2 1.8
v 2.2 3.2 -2
v 2.2 3.2 -1.8
v 2.2 3.2 1.6
v 2.2 3.2 1.8
v 2.4 3.2 -2
v 2.4 3.2 -1.8
v 2.4 3.2 1.6
v 2.4 3.2 1.8
v -1.7 3.3 -2
v -1.7 3.3 -1.9
v -1.7 3.3 1.7
v -1.7 3.3 1.8
v -1.6 3.3 -2
v -1.6 3.3 -1.9
v -1.6 3.3 1.7
v -1.6 3.3 1.8
v 2.1 3.3 -2
v 2.1 3.3 -1.8
v 2.1 3.3 1.6
v 2.1 3.3 1.8
v 2.2 3.3 -2
v 2.2 3.3 -1.8
v 2.2 3.3 1.6
v 2.2 3.3 1.8
v -1.6 3.4 -2
v -1.6 3.4 -1.9
v -1.6 3.4 1.7
v -1.6 3.4 1.8
v -1.5 3.4 -2
v -1.5 3.4 -1.9
v -1.5 3.4 1.7
v -1.5 3.4 1.8
v 1.9 3.4 -2
v 1.9 3.4 -1.8
v 1.9 3.4 1.6
v 1.9 3.4 1.8
v 2.1 3.4 -2
v 2.1 3.4 -1.8
v 2.1 3.4 1.6
v 2.1 3.4 1.8
v -1.5 3.5 -2
v -1.5 3.5 1.8
v -1.4 3.5 -2
v -1.4 3.5 1.8
v 1.7 3.5 -2
v 1.7 3.5 1.8
v 1.9 3.5 -2
v 1.9 3.5 1.8
v -1.4 3.6 -2
v -1.4 3.6 1.8
v -0.6 3.6 -0.9
v -0.6 3.6 0.7
v -0.0999999 3.6 -0.9
v -0.0999999 3.6 0.7
v 1.7 3.6 -2
v 1.7 3.6 1.8
v -0.6 3.9 -0.9
v -0.6 3.9 0.7
v -0.5 3.9 -0.9
v -0.5 3.9 0.7
v -0.2 3.9 -0.9
v -0.2 3.9 0.7
v -0.0999999 3.9 -0.9
v -0.0999999 3.9 0.7
v -0.5 4 -0.9
v -0.5 4 0.7
v -0.4 4 -0.9
v -0.4 4 0.7
v -0.3 4 -0.9
v -0.3 4 0.7
v -0.2 4 -0.9
v -0.2 4 0.7
v -0.4 4.1 -0.9
v -0.4 4.1 0.7
v -0.3 4.1 -0.9
v -0.3 4.1 0.7
v -4.5 0 -2
v -3.6 0 -2
v 3.5 0 -2
v 4.2 0 -2
v -4.6 0.1 -2
v -4.5 0.1 -2
v -3.6 0.1 -2
v -3.5 0.1 -2
v 3.3 0.1 -2
v 3.5 0.1 -2
v 4.2 0.1 -2
v 4.4 0.1 -2
v -4.7 0.2 -2
v -4.6 0.2 -2
v -3.5 0.2 -2
v -3.4 0.2 -2
v 3.2 0.2 -2
v 3.3 0.2 -2
v 4.4 0.2 -2
v 4.5 0.2 -2
v -4.8 0.3 -2
v -4.7 0.3 -2
v -3.4 0.3 -2
v -3.3 0.3 -2
v 3.1 0.3 -2
v 3.2 0.3 -2
v 4.5 0.3 -2
v 4.6 0.3 -2
v -5.6 0.4 -2
v -5.2 0.4 -2
v -5.1 0.4 -2
v -4.9 0.4 -2
v -4.8 0.4 -2
v -3.3 0.4 -2
v -3.2 0.4 -2
v -5.7 0.5 -2
v -5.6 0.5 -2
v -3 0.5 -2
v 2.9 0.5 -2
v 3 0.5 -2
v 3.1 0.5 -2
v 4.6 0.5 -2
v 4.7 0.5 -2
v 4.8 0.5 -2
v 5.4 0.5 -2
v -5.2 0.6 -2
v -5.1 0.6 -2
v -3.1 0.6 -2
v -3 0.6 -2
v 2.9 0.6 -2
v 3 0.6 -2
v 4.7 0.6 -2
v 4.8 0.6 -2
v 5.4 0.6 -2
v 5.6 0.6 -2
v 5.7 0.6 -2
v 5.9 0.6 -2
v -5.7 0.7 -2
v -5.6 0.7 -2
v -5.2 0.7 -2
v -5.1 0.7 -2
v 5.6 0.7 -2
v 5.7 0.7 -2
v 5.9 0.7 -2
v 6 0.7 -2
v -5.6 0.8 -2
v -5.2 0.8 -2
v -5.1 0.8 -2
v -3.2 0.8 -2
v -3.1 0.8 -2
v 5.5 0.8 -2
v 5.6 0.8 -2
v -5.7 0.9 -2
v -5.6 0.9 -2
v 5.6 1 -2
v 5.7 1 -2
v 5.9 1 -2
v 6 1 -2
v -4.9 1.1 -2
v -4.8 1.1 -2
v -3.3 1.1 -2
v -3.2 1.1 -2
v 5.5 1.1 -2
v 5.7 1.1 -2
v 5.9 1.1 -2
v -5.8 1.2 -2
v -5.7 1.2 -2
v -4.9 1.2 -2
v -4.8 1.2 -2
v 3 1.2 -2
v 3.1 1.2 -2
v 4.6 1.2 -2
v 4.7 1.2 -2
v -5.8 1.3 -2
v -5.7 1.3 -2
v -4.8 1.3 -2
v -4.7 1.3 -2
v -3.4 1.3 -2
v -3.3 1.3 -2
v 3.1 1.3 -2
v 3.2 1.3 -2
v 4.5 1.3 -2
v 4.6 1.3 -2
v -4.7 1.4 -2
v -4.6 1.4 -2
v -3.5 1.4 -2
v -3.4 1.4 -2
v 3.2 1.4 -2
v 3.3 1.4 -2
v 4.4 1.4 -2
v 4.5 1.4 -2
v -4.6 1.5 -2
v -4.4 1.5 -2
v -3.7 1.5 -2
v -3.5 1.5 -2
v 3.3 1.5 -2
v 3.4 1.5 -2
v 4.3 1.5 -2
v 4.4 1.5 -2
v -4.4 1.6 -2
v -3.7 1.6 -2
v 3.4 1.6 -2
v 3.6 1.6 -2
v 4.1 1.6 -2
v 4.3 1.6 -2
v 3.6 1.7 -2
v 4.1 1.7 -2
v -5.8 1.9 -2
v -5.7 1.9 -2
v -5.5 2 -2
v -5.4 2 -2
v -5.3 2 -2
v -5.2 2 -2
v -5.1 2 -2
v -5 2 -2
v -4.9 2 -2
v -4.8 2 -2
v -4.7 2 -2
v -4.6 2 -2
v -4.5 2 -2
v -4.4 2 -2
v -4.3 2 -2
v -4.2 2 -2
v -4.1 2 -2
v -4 2 -2
v -3.9 2 -2
v -3.8 2 -2
v -3.7 2 -2
v -3.6 2 -2
v -3.5 2 -2
v -3.4 2 -2
v -3.3 2 -2
v -3.2 2 -2
v -3.1 2 -2
v -3 2 -2
v -2.9 2 -2
v -2.8 2 -2
v -2.7 2 -2
v -2.6 2 -2
v -2.5 2 -2
v -2.4 2 -2
v -2.3 2 -2
v -2.2 2 -2
v -2.1 2 -2
v -2 2 -2
v -1.9 2 -2
v -1.8 2 -2
v -1.7 2 -2
v -1.6 2 -2
v -1.5 2 -2
v -1.4 2 -2
v -1.3 2 -2
v -1.2 2 -2
v -1.1 2 -2
v -1 2 -2
v -0.9 2 -2
v -0.8 2 -2
v -0.7 2 -2
v -0.6 2 -2
v -0.5 2 -2
v -0.4 2 -2
v -0.3 2 -2
v -0.2 2 -2
v -0.0999999 2 -2
v 0 2 -2
v 0.0999999 2 -2
v 0.2 2 -2
v 0.3 2 -2
v 0.4 2 -2
v 0.5 2 -2
v 0.6 2 -2
v 0.7 2 -2
v 0.8 2 -2
v 0.9 2 -2
v 1 2 -2
v 1.1 2 -2
v 1.2 2 -2
v 1.3 2 -2
v 1.4 2 -2
v 1.5 2 -2
v 1.6 2 -2
v 1.7 2 -2
v 1.8 2 -2
v 1.9 2 -2
v 2 2 -2
v 2.1 2 -2
v 2.2 2 -2
v 2.3 2 -2
v 2.4 2 -2
v 2.5 2 -2
v 2.6 2 -2
v 2.7 2 -2
v 2.8 2 -2
v 2.9 2 -2
v 3 2 -2
v 3.1 2 -2
v 3.2 2 -2
v 3.3 2 -2
v 3.4 2 -2
v 3.5 2 -2
v 3.6 2 -2
v 3.7 2 -2
v 3.8 2 -2
v 3.9 2 -2
v 4 2 -2
v 4.1 2 -2
v 4.2 2 -2
v 4.3 2 -2
v 4.4 2 -2
v 4.5 2 -2
v 4.6 2 -2
v 4.7 2 -2
v 4.8 2 -2
v 4.9 2 -2
v 5 2 -2
v 5.1 2 -2
v -5.5 2.1 -2
v -5.4 2.1 -2
v -5.3 2.1 -2
v -5.2 2.1 -2
v -5.1 2.1 -2
v -5 2.1 -2
v -4.9 2.1 -2
v -4.8 2.1 -2
v -4.7 2.1 -2
v -4.6 2.1 -2
v -4.5 2.1 -2
v -4.4 2.1 -2
v -4.3 2.1 -2
v -4.2 2.1 -2
v -4.1 2.1 -2
v -4 2.1 -2
v -3.9 2.1 -2
v -3.8 2.1 -2
v -3.7 2.1 -2
v -3.6 2.1 -2
v -3.5 2.1 -2
v -3.4 2.1 -2
v -3.3 2.1 -2
v -3.2 2.1 -2
v -3.1 2.1 -2
v -3 2.1 -2
v -2.9 2.1 -2
v -2.8 2.1 -2
v -2.7 2.1 -2
v -2.6 2.1 -2
v -2.5 2.1 -2
v -2.4 2.1 -2
v -2.3 2.1 -2
v -2.2 2.1 -2
v -2.1 2.1 -2
v -2 2.1 -2
v -1.9 2.1 -2
v -1.8 2.1 -2
v -1.7 2.1 -2
v -1.6 2.1 -2
v -1.5 2.1 -2
v -1.4 2.1 -2
v -1.3 2.1 -2
v -1.2 2.1 -2
v -1.1 2.1 -2
v -1 2.1 -2
v -0.9 2.1 -2
v -0.8 2.1 -2
v -0.7 2.1 -2
v -0.6 2.1 -2
v -0.5 2.1 -2
v -0.4 2.1 -2
v -0.3 2.1 -2
v -0.2 2.1 -2
v -0.0999999 2.1 -2
v 0 2.1 -2
v 0.0999999 2.1 -2
v 0.2 2.1 -2
v 0.3 2.1 -2
v 0.4 2.1 -2
v 0.5 2.1 -2
v 0.6 2.1 -2
v 0.7 2.1 -2
v 0.8 2.1 -2
v 0.9 2.1 -2
v 1 2.1 -2
v 1.1 2.1 -2
v 1.2 2.1 -2
v 1.3 2.1 -2
v 1.4 2.1 -2
v 1.5 2.1 -2
v 1.6 2.1 -2
v 1.7 2.1 -2
v 1.8 2.1 -2
v 1.9 2.1 -2
v 2 2.1 -2
v 2.1 2.1 -2
v 2.2 2.1 -2
v 2.3 2.1 -2
v 2.4 2.1 -2
v 2.5 2.1 -2
v 2.6 2.1 -2
v 2.7 2.1 -2
v 2.8 2.1 -2
v 2.9 2.1 -2
v 3 2.1 -2
v 3.1 2.1 -2
v 3.2 2.1 -2
v 3.3 2.1 -2
v 3.4 2.1 -2
v 3.5 2.1 -2
v 3.6 2.1 -2
v 3.7 2.1 -2
v 3.8 2.1 -2
v 3.9 2.1 -2
v 4 2.1 -2
v 4.1 2.1 -2
v 4.2 2.1 -2
v 4.3 2.1 -2
v 4.4 2.1 -2
v 4.5 2.1 -2
v 4.6 2.1 -2
v 4.7 2.1 -2
v 4.8 2.1 -2
v 4.9 2.1 -2
v 5 2.1 -2
v 5.1 2.1 -2
v -5.5 2.2 -2
v -5.4 2.2 -2
v -5.3 2.2 -2
v -5.2 2.2 -2
v -5.1 2.2 -2
v -5 2.2 -2
v -4.9 2.2 -2
v -4.8 2.2 -2
v -4.7 2.2 -2
v -4.6 2.2 -2
v -4.5 2.2 -2
v -4.4 2.2 -2
v -4.3 2.2 -2
v -4.2 2.2 -2
v -4.1 2.2 -2
v -4 2.2 -2
v -3.9 2.2 -2
v -3.8 2.2 -2
v -3.7 2.2 -2
v -3.6 2.2 -2
v -3.5 2.2 -2
v -3.4 2.2 -2
v -3.3 2.2 -2
v -3.2 2.2 -2
v -3.1 2.2 -2
v -3 2.2 -2
v -2.9 2.2 -2
v -2.8 2.2 -2
v -2.7 2.2 -2
v -2.6 2.2 -2
v -2.5 2.2 -2
v -2.4 2.2 -2
v -2.3 2.2 -2
v -2.2 2.2 -2
v -2.1 2.2 -2
v -2 2.2 -2
v -1.9 2.2 -2
v -1.8 2.2 -2
v -1.7 2.2 -2
v -1.6 2.2 -2
v -1.5 2.2 -2
v -1.4 2.2 -2
v -1.3 2.2 -2
v -1.2 2.2 -2
v -1.1 2.2 -2
v -1 2.2 -2
v -0.9 2.2 -2
v -0.8 2.2 -2
v -0.7 2.2 -2
v -0.6 2.2 -2
v -0.5 2.2 -2
v -0.4 2.2 -2
v -0.3 2.2 -2
v -0.2 2.2 -2
v -0.0999999 2.2 -2
v 0 2.2 -2
v 0.0999999 2.2 -2
v 0.2 2.2 -2
v 0.3 2.2 -2
v 0.4 2.2 -2
v 0.5 2.2 -2
v 0.6 2.2 -2
v 0.7 2.2 -2
v 0.8 2.2 -2
v 0.9 2.2 -2
v 1 2.2 -2
v 1.1 2.2 -2
v 1.2 2.2 -2
v 1.3 2.2 -2
v 1.4 2.2 -2
v 1.5 2.2 -2
v 1.6 2.2 -2
v 1.7 2.2 -2
v 1.8 2.2 -2
v 1.9 2.2 -2
v 2 2.2 -2
v 2.1 2.2 -2
v 2.2 2.2 -2
v 2.3 2.2 -2
v 2.4 2.2 -2
v 2.5 2.2 -2
v 2.6 2.2 -2
v 2.7 2.2 -2
v 2.8 2.2 -2
v 2.9 2.2 -2
v 3 2.2 -2
v 3.1 2.2 -2
v 3.2 2.2 -2
v 3.3 2.2 -2
v 3.4 2.2 -2
v 3.5 2.2 -2
v 3.6 2.2 -2
v 3.7 2.2 -2
v 3.8 2.2 -2
v 3.9 2.2 -2
v 4 2.2 -2
v 4.1 2.2 -2
v 4.2 2.2 -2
v 4.3 2.2 -2
v 4.4 2.2 -2
v 4.5 2.2 -2
v 4.6 2.2 -2
v 4.7 2.2 -2
v 4.8 2.2 -2
v 4.9 2.2 -2
v 5 2.2 -2
v 5.1 2.2 -2
v -5.8 2.3 -2
v -5.7 2.3 -2
v -5.7 2.4 -2
v -5.6 2.4 -2
v 4.4 2.4 -2
v 5.9 2.4 -2
v -5.6 2.5 -2
v -2.4 2.5 -2
v -2.2 2.5 -2
v 0.5 2.5 -2
v 0.8 2.5 -2
v 2.8 2.5 -2
v 3.8 2.5 -2
v 4.4 2.5 -2
v -2.4 2.6 -2
v -2.3 2.6 -2
v -2.2 2.6 -2
v -2.1 2.6 -2
v 0.7 2.6 -2
v 0.8 2.6 -2
v 3.3 2.6 -2
v 3.8 2.6 -2
v -2.3 2.7 -2
v -2.2 2.7 -2
v -2.1 2.7 -2
v -2 2.7 -2
v 2.6 2.7 -2
v 2.8 2.7 -2
v 3.1 2.7 -2
v 3.3 2.7 -2
v -2.2 2.8 -2
v -2.1 2.8 -2
v -2 2.8 -2
v -1.9 2.8 -2
v 2.5 2.8 -2
v 2.6 2.8 -2
v 2.9 2.8 -2
v 3.1 2.8 -2
v -2.1 2.9 -2
v -2 2.9 -2
v -1.9 2.9 -2
v -1.8 2.9 -2
v 2.4 2.9 -2
v 2.5 2.9 -2
v 2.7 2.9 -2
v 2.9 2.9 -2
v -2 3 -2
v -1.9 3 -2
v -1.8 3 -2
v -1.7 3 -2
v 0.4 3 -2
v 0.5 3 -2
v 2.2 3 -2
v 2.4 3 -2
v 2.6 3 -2
v 2.7 3 -2
v -1.9 3.1 -2
v -1.8 3.1 -2
v -1.7 3.1 -2
v -1.6 3.1 -2
v 0.6 3.1 -2
v 0.7 3.1 -2
v 2 3.1 -2
v 2.2 3.1 -2
v 2.4 3.1 -2
v 2.6 3.1 -2
v -1.8 3.2 -2
v -1.7 3.2 -2
v -1.6 3.2 -2
v -1.5 3.2 -2
v 1.7 3.2 -2
v 2 3.2 -2
v 2.2 3.2 -2
v 2.4 3.2 -2
v -1.7 3.3 -2
v -1.6 3.3 -2
v -1.5 3.3 -2
v -1.4 3.3 -2
v 1.5 3.3 -2
v 1.7 3.3 -2
v 2.1 3.3 -2
v 2.2 3.3 -2
v -1.6 3.4 -2
v -1.5 3.4 -2
v -1.4 3.4 -2
v 0.4 3.4 -2
v 0.6 3.4 -2
v 1.5 3.4 -2
v 1.9 3.4 -2
v 2.1 3.4 -2
v -1.5 3.5 -2
v -1.4 3.5 -2
v 1.7 3.5 -2
v 1.9 3.5 -2
v -1.4 3.6 -2
v 1.7 3.6 -2
v -5.7 0.4 -1.9
v -5.6 0.4 -1.9
v -5.8 0.5 -1.9
v -5.7 0.5 -1.9
v -5.6 0.5 -1.9
v -5.8 0.7 -1.9
v -5.7 0.7 -1.9
v -5.6 0.7 -1.9
v -5.7 0.8 -1.9
v -5.6 0.8 -1.9
v -5.8 0.9 -1.9
v -5.7 0.9 -1.9
v -5.8 1 -1.9
v -5.7 1 -1.9
v -5.8 1.8 -1.9
v -5.7 1.8 -1.9
v -5.9 1.9 -1.9
v -5.8 1.9 -1.9
v -5.7 1.9 -1.9
v 5.9 1.9 -1.9
v 6 1.9 -1.9
v -5.9 2.2 -1.9
v -5.8 2.2 -1.9
v 5.9 2.3 -1.9
v 6 2.3 -1.9
v -5.9 1.8 -1.8
v -5.8 1.8 -1.8
v -5.9 1.9 -1.8
v -5.8 1.9 -1.8
v -5.9 2.2 -1.8
v -5.8 2.2 -1.8
v -5.9 2.3 -1.8
v -5.8 2.3 -1.8
v -5.7 0.8 -1.6
v -5.6 0.8 -1.6
v -5.7 0.9 -1.6
v -5.6 0.9 -1.6
v -5.8 1 -1.6
v -5.7 1 -1.6
v -5.8 1.2 -1.6
v -5.7 1.2 -1.6
v -5.8 1.3 -1.6
v -5.7 1.3 -1.6
v 5.8 1.3 -1.6
v 5.9 1.3 -1.6
v -5.8 1.6 -1.6
v -5.7 1.6 -1.6
v 5.8 2.3 -1.6
v 5.9 2.3 -1.6
v -5.8 1.6 -1.5
v -5.7 1.6 -1.5
v -5.8 1.7 -1.5
v -5.7 1.7 -1.5
v -5.9 1.9 -1.2
v -5.8 1.9 -1.2
v -5.9 2.2 -1.2
v -5.8 2.2 -1.2
v -0.6 3.6 -0.9
v -0.0999999 3.6 -0.9
v -0.6 3.9 -0.9
v -0.5 3.9 -0.9
v -0.2 3.9 -0.9
v -0.0999999 3.9 -0.9
v -0.5 4 -0.9
v -0.4 4 -0.9
v -0.3 4 -0.9
v -0.2 4 -0.9
v -0.4 4.1 -0.9
v -0.3 4.1 -0.9
v 5.9 1.4 -0.5
v 6 1.4 -0.5
v 5.9 1.8 -0.5
v 6 1.8 -0.5
v -5.9 0.9 -0.2
v -5.8 0.9 -0.2
v -5.8 1 -0.2
v -5.7 1 -0.2
v -5.8 1.2 -0.2
v -5.7 1.2 -0.2
v -5.8 1.3 -0.2
v -5.7 1.3 -0.2
v -5.8 1.6 -0.2
v -5.7 1.6 -0.2
v -5.9 1.7 -0.2
v -5.8 1.7 -0.2
v -5.8 1.5 1.2
v -5.7 1.5 1.2
v -5.8 1.6 1.2
v -5.7 1.6 1.2
v -5.8 1.8 1.2
v -5.7 1.8 1.2
v -5.9 1.9 1.2
v -5.8 1.9 1.2
v -5.7 1.9 1.2
v -5.9 2.2 1.2
v -5.8 2.2 1.2
v -5.7 0.8 1.3
v -5.6 0.8 1.3
v -5.7 0.9 1.3
v -5.6 0.9 1.3
v -5.8 1 1.3
v -5.7 1 1.3
v -5.8 1.2 1.3
v -5.7 1.2 1.3
v -5.8 1.3 1.3
v -5.7 1.3 1.3
v -5.8 1.5 1.3
v -5.7 1.5 1.3
v -5.9 1.8 1.3
v -5.8 1.8 1.3
v -5.9 1.9 1.3
v -5.8 1.9 1.3
v -5.9 2.2 1.3
v -5.8 2.2 1.3
v -5.9 2.3 1.3
v -5.8 2.3 1.3
v 5.8 1.2 1.5
v 5.9 1.2 1.5
v 4.4 2.3 1.5
v 5.8 2.3 1.5
v 4.4 2.4 1.5
v 5.9 2.4 1.5
v 5.9 1.9 1.6
v 6 1.9 1.6
v 5.9 2.3 1.6
v 6 2.3 1.6
v 5.9 1.9 -1.8
v 6 1.9 -1.8
v 5.9 2.3 -1.8
v 6 2.3 -1.8
v 5.8 1.2 -1.7
v 5.9 1.2 -1.7
v 4.4 2.3 -1.7
v 5.8 2.3 -1.7
v 4.4 2.4 -1.7
v 5.9 2.4 -1.7
v -5.7 0.8 -1.5
v -5.6 0.8 -1.5
v -5.7 0.9 -1.5
v -5.6 0.9 -1.5
v -5.8 1 -1.5
v -5.7 1 -1.5
v -5.8 1.2 -1.5
v -5.7 1.2 -1.5
v -5.8 1.3 -1.5
v -5.7 1.3 -1.5
v -5.8 1.5 -1.5
v -5.7 1.5 -1.5
v -5.9 1.8 -1.5
v -5.8 1.8 -1.5
v -5.9 1.9 -1.5
v -5.8 1.9 -1.5
v -5.9 2.2 -1.5
v -5.8 2.2 -1.5
v -5.9 2.3 -1.5
v -5.8 2.3 -1.5
v -5.8 1.5 -1.4
v -5.7 1.5 -1.4
v -5.8 1.6 -1.4
v -5.7 1.6 -1.4
v -5.8 1.8 -1.4
v -5.7 1.8 -1.4
v -5.9 1.9 -1.4
v -5.8 1.9 -1.4
v -5.7 1.9 -1.4
v -5.9 2.2 -1.4
v -5.8 2.2 -1.4
v -5.9 0.9 0
v -5.8 0.9 0
v -5.8 1 0
v -5.7 1 0
v -5.8 1.2 0
v -5.7 1.2 0
v -5.8 1.3 0
v -5.7 1.3 0
v -5.8 1.6 0
v -5.7 1.6 0
v -5.9 1.7 0
v -5.8 1.7 0
v 5.9 1.4 0.3
v 6 1.4 0.3
v 5.9 1.8 0.3
v 6 1.8 0.3
v -0.6 3.6 0.7
v -0.0999999 3.6 0.7
v -0.6 3.9 0.7
v -0.5 3.9 0.7
v -0.2 3.9 0.7
v -0.0999999 3.9 0.7
v -0.5 4 0.7
v -0.4 4 0.7
v -0.3 4 0.7
v -0.2 4 0.7
v -0.4 4.1 0.7
v -0.3 4.1 0.7
v -5.9 1.9 1
v -5.8 1.9 1
v -5.9 2.2 1
v -5.8 2.2 1
v -5.8 1.6 1.3
v -5.7 1.6 1.3
v -5.8 1.7 1.3
v -5.7 1.7 1.3
v -5.7 0.8 1.4
v -5.6 0.8 1.4
v -5.7 0.9 1.4
v -5.6 0.9 1.4
v -5.8 1 1.4
v -5.7 1 1.4
v -5.8 1.2 1.4
v -5.7 1.2 1.4
v -5.8 1.3 1.4
v -5.7 1.3 1.4
v 5.8 1.3 1.4
v 5.9 1.3 1.4
v -5.8 1.6 1.4
v -5.7 1.6 1.4
v 5.8 2.3 1.4
v 5.9 2.3 1.4
v -5.9 1.8 1.6
v -5.8 1.8 1.6
v -5.9 1.9 1.6
v -5.8 1.9 1.6
v -5.9 2.2 1.6
v -5.8 2.2 1.6
v -5.9 2.3 1.6
v -5.8 2.3 1.6
v -5.7 0.4 1.7
v -5.6 0.4 1.7
v -5.8 0.5 1.7
v -5.7 0.5 1.7
v -5.6 0.5 1.7
v -5.8 0.7 1.7
v -5.7 0.7 1.7
v -5.6 0.7 1.7
v -5.7 0.8 1.7
v -5.6 0.8 1.7
v -5.8 0.9 1.7
v -5.7 0.9 1.7
v -5.8 1 1.7
v -5.7 1 1.7
v -5.8 1.8 1.7
v -5.7 1.8 1.7
v -5.9 1.9 1.7
v -5.8 1.9 1.7
v -5.7 1.9 1.7
v 5.9 1.9 1.7
v 6 1.9 1.7
v -5.9 2.2 1.7
v -5.8 2.2 1.7
v 5.9 2.3 1.7
v 6 2.3 1.7
v -4.5 0 1.8
v -3.6 0 1.8
v 3.5 0 1.8
v 4.2 0 1.8
v -4.6 0.1 1.8
v -4.5 0.1 1.8
v -3.6 0.1 1.8
v -3.5 0.1 1.8
v 3.3 0.1 1.8
v 3.5 0.1 1.8
v 4.2 0.1 1.8
v 4.4 0.1 1.8
v -4.7 0.2 1.8
v -4.6 0.2 1.8
v -3.5 0.2 1.8
v -3.4 0.2 1.8
v 3.2 0.2 1.8
v 3.3 0.2 1.8
v 4.4 0.2 1.8
v 4.5 0.2 1.8
v -4.8 0.3 1.8
v -4.7 0.3 1.8
v -3.4 0.3 1.8
v -3.3 0.3 1.8
v 3.1 0.3 1.8
v 3.2 0.3 1.8
v 4.5 0.3 1.8
v 4.6 0.3 1.8
v -5.6 0.4 1.8
v -5.2 0.4 1.8
v -5.1 0.4 1.8
v -4.9 0.4 1.8
v -4.8 0.4 1.8
v -3.3 0.4 1.8
v -3.2 0.4 1.8
v -5.7 0.5 1.8
v -5.6 0.5 1.8
v -3 0.5 1.8
v 2.9 0.5 1.8
v 3 0.5 1.8
v 3.1 0.5 1.8
v 4.6 0.5 1.8
v 4.7 0.5 1.8
v 4.8 0.5 1.8
v 5.4 0.5 1.8
v -5.2 0.6 1.8
v -5.1 0.6 1.8
v -3.1 0.6 1.8
v -3 0.6 1.8
v 2.9 0.6 1.8
v 3 0.6 1.8
v 4.7 0.6 1.8
v 4.8 0.6 1.8
v 5.4 0.6 1.8
v 5.6 0.6 1.8
v 5.7 0.6 1.8
v 5.9 0.6 1.8
v -5.7 0.7 1.8
v -5.6 0.7 1.8
v -5.2 0.7 1.8
v -5.1 0.7 1.8
v 5.6 0.7 1.8
v 5.7 0.7 1.8
v 5.9 0.7 1.8
v 6 0.7 1.8
v -5.6 0.8 1.8
v -5.2 0.8 1.8
v -5.1 0.8 1.8
v -3.2 0.8 1.8
v -3.1 0.8 1.8
v 5.5 0.8 1.8
v 5.6 0.8 1.8
v -5.7 0.9 1.8
v -5.6 0.9 1.8
v 5.6 1 1.8
v 5.7 1 1.8
v 5.9 1 1.8
v 6 1 1.8
v -4.9 1.1 1.8
v -4.8 1.1 1.8
v -3.3 1.1 1.8
v -3.2 1.1 1.8
v 5.5 1.1 1.8
v 5.7 1.1 1.8
v 5.9 1.1 1.8
v -5.8 1.2 1.8
v -5.7 1.2 1.8
v -4.9 1.2 1.8
v -4.8 1.2 1.8
v 3 1.2 1.8
v 3.1 1.2 1.8
v 4.6 1.2 1.8
v 4.7 1.2 1.8
v -5.8 1.3 1.8
v -5.7 1.3 1.8
v -4.8 1.3 1.8
v -4.7 1.3 1.8
v -3.4 1.3 1.8
v -3.3 1.3 1.8
v 3.1 1.3 1.8
v 3.2 1.3 1.8
v 4.5 1.3 1.8
v 4.6 1.3 1.8
v -4.7 1.4 1.8
v -4.6 1.4 1.8
v -3.5 1.4 1.8
v -3.4 1.4 1.8
v 3.2 1.4 1.8
v 3.3 1.4 1.8
v 4.4 1.4 1.8
v 4.5 1.4 1.8
v -4.6 1.5 1.8
v -4.4 1.5 1.8
v -3.7 1.5 1.8
v -3.5 1.5 1.8
v 3.3 1.5 1.8
v 3.4 1.5 1.8
v 4.3 1.5 1.8
v 4.4 1.5 1.8
v -4.4 1.6 1.8
v -3.7 1.6 1.8
v 3.4 1.6 1.8
v 3.6 1.6 1.8
v 4.1 1.6 1.8
v 4.3 1.6 1.8
v 3.6 1.7 1.8
v 4.1 1.7 1.8
v -5.8 1.9 1.8
v -5.7 1.9 1.8
v -5.5 2 1.8
v -5.4 2 1.8
v -5.3 2 1.8
v -5.2 2 1.8
v -5.1 2 1.8
v -5 2 1.8
v -4.9 2 1.8
v -4.8 2 1.8
v -4.7 2 1.8
v -4.6 2 1.8
v -4.5 2 1.8
v -4.4 2 1.8
v -4.3 2 1.8
v -4.2 2 1.8
v -4.1 2 1.8
v -4 2 1.8
v -3.9 2 1.8
v -3.8 2 1.8
v -3.7 2 1.8
v -3.6 2 1.8
v -3.5 2 1.8
v -3.4 2 1.8
v -3.3 2 1.8
v -3.2 2 1.8
v -3.1 2 1.8
v -3 2 1.8
v -2.9 2 1.8
v -2.8 2 1.8
v -2.7 2 1.8
v -2.6 2 1.8
v -2.5 2 1.8
v -2.4 2 1.8
v -2.3 2 1.8
v -2.2 2 1.8
v -2.1 2 1.8
v -2 2 1.8
v -1.9 2 1.8
v -1.8 2 1.8
v -1.7 2 1.8
v -1.6 2 1.8
v -1.5 2 1.8
v -1.4 2 1.8
v -1.3 2 1.8
v -1.2 2 1.8
v -1.1 2 1.8
v -1 2 1.8
v -0.9 2 1.8
v -0.8 2 1.8
v -0.7 2 1.8
v -0.6 2 1.8
v -0.5 2 1.8
v -0.4 2 1.8
v -0.3 2 1.8
v -0.2 2 1.8
v -0.0999999 2 1.8
v 0 2 1.8
v 0.0999999 2 1.8
v 0.2 2 1.8
v 0.3 2 1.8
v 0.4 2 1.8
v 0.5 2 1.8
v 0.6 2 1.8
v 0.7 2 1.8
v 0.8 2 1.8
v 0.9 2 1.8
v 1 2 1.8
v 1.1 2 1.8
v 1.2 2 1.8
v 1.3 2 1.8
v 1.4 2 1.8
v 1.5 2 1.8
v 1.6 2 1.8
v 1.7 2 1.8
v 1.8 2 1.8
v 1.9 2 1.8
v 2 2 1.8
v 2.1 2 1.8
v 2.2 2 1.8
v 2.3 2 1.8
v 2.4 2 1.8
v 2.5 2 1.8
v 2.6 2 1.8
v 2.7 2 1.8
v 2.8 2 1.8
v 2.9 2 1.8
v 3 2 1.8
v 3.1 2 1.8
v 3.2 2 1.8
v 3.3 2 1.8
v 3.4 2 1.8
v 3.5 2 1.8
v 3.6 2 1.8
v 3.7 2 1.8
v 3.8 2 1.8
v 3.9 2 1.8
v 4 2 1.8
v 4.1 2 1.8
v 4.2 2 1.8
v 4.3 2 1.8
v 4.4 2 1.8
v 4.5 2 1.8
v 4.6 2 1.8
v 4.7 2 1.8
v 4.8 2 1.8
v 4.9 2 1.8
v 5 2 1.8
v 5.1 2 1.8
v -5.5 2.1 1.8
v -5.4 2.1 1.8
v -5.3 2.1 1.8
v -5.2 2.1 1.8
v -5.1 2.1 1.8
v -5 2.1 1.8
v -4.9 2.1 1.8
v -4.8 2.1 1.8
v -4.7 2.1 1.8
v -4.6 2.1 1.8
v -4.5 2.1 1.8
v -4.4 2.1 1.8
v -4.3 2.1 1.8
v -4.2 2.1 1.8
v -4.1 2.1 1.8
v -4 2.1 1.8
v -3.9 2.1 1.8
v -3.8 2.1 1.8
v -3.7 2.1 1.8
v -3.6 2.1 1.8
v -3.5 2.1 1.8
v -3.4 2.1 1.8
v -3.3 2.1 1.8
v -3.2 2.1 1.8
v -3.1 2.1 1.8
v -3 2.1 1.8
v -2.9 2.1 1.8
v -2.8 2.1 1.8
v -2.7 2.1 1.8
v -2.6 2.1 1.8
v -2.5 2.1 1.8
v -2.4 2.1 1.8
v -2.3 2.1 1.8
v -2.2 2.1 1.8
v -2.1 2.1 1.8
v -2 2.1 1.8
v -1.9 2.1 1.8
v -1.8 2.1 1.8
v -1.7 2.1 1.8
v -1.6 2.1 1.8
v -1.5 2.1 1.8
v -1.4 2.1 1.8
v -1.3 2.1 1.8
v -1.2 2.1 1.8
v -1.1 2.1 1.8
v -1 2.1 1.8
v -0.9 2.1 1.8
v -0.8 2.1 1.8
v -0.7 2.1 1.8
v -0.6 2.1 1.8
v -0.5 2.1 1.8
v -0.4 2.1 1.8
v -0.3 2.1 1.8
v -0.2 2.1 1.8
v -0.0999999 2.1 1.8
v 0 2.1 1.8
v 0.0999999 2.1 1.8
v 0.2 2.1 1.8
v 0.3 2.1 1.8
v 0.4 2.1 1.8
v 0.5 2.1 1.8
v 0.6 2.1 1.8
v 0.7 2.1 1.8
v 0.8 2.1 1.8
v 0.9 2.1 1.8
v 1 2.1 1.8
v 1.1 2.1 1.8
v 1.2 2.1 1.8
v 1.3 2.1 1.8
v 1.4 2.1 1.8
v 1.5 2.1 1.8
v 1.6 2.1 1.8
v 1.7 2.1 1.8
v 1.8 2.1 1.8
v 1.9 2.1 1.8
v 2 2.1 1.8
v 2.1 2.1 1.8
v 2.2 2.1 1.8
v 2.3 2.1 1.8
v 2.4 2.1 1.8
v 2.5 2.1 1.8
v 2.6 2.1 1.8
v 2.7 2.1 1.8
v 2.8 2.1 1.8
v 2.9 2.1 1.8
v 3 2.1 1.8
v 3.1 2.1 1.8
v 3.2 2.1 1.8
v 3.3 2.1 1.8
v 3.4 2.1 1.8
v 3.5 2.1 1.8
v 3.6 2.1 1.8
v 3.7 2.1 1.8
v 3.8 2.1 1.8
v 3.9 2.1 1.8
v 4 2.1 1.8
v 4.1 2.1 1.8
v 4.2 2.1 1.8
v 4.3 2.1 1.8
v 4.4 2.1 1.8
v 4.5 2.1 1.8
v 4.6 2.1 1.8
v 4.7 2.1 1.8
v 4.8 2.1 1.8
v 4.9 2.1 1.8
v 5 2.1 1.8
v 5.1 2.1 1.8
v -5.5 2.2 1.8
v -5.4 2.2 1.8
v -5.3 2.2 1.8
v -5.2 2.2 1.8
v -5.1 2.2 1.8
v -5 2.2 1.8
v -4.9 2.2 1.8
v -4.8 2.2 1.8
v -4.7 2.2 1.8
v -4.6 2.2 1.8
v -4.5 2.2 1.8
v -4.4 2.2 1.8
v -4.3 2.2 1.8
v -4.2 2.2 1.8
v -4.1 2.2 1.8
v -4 2.2 1.8
v -3.9 2.2 1.8
v -3.8 2.2 1.8
v -3.7 2.2 1.8
v -3.6 2.2 1.8
v -3.5 2.2 1.8
v -3.4 2.2 1.8
v -3.3 2.2 1.8
v -3.2 2.2 1.8
v -3.1 2.2 1.8
v -3 2.2 1.8
v -2.9 2.2 1.8
v -2.8 2.2 1.8
v -2.7 2.2 1.8
v -2.6 2.2 1.8
v -2.5 2.2 1.8
v -2.4 2.2 1.8
v -2.3 2.2 1.8
v -2.2 2.2 1.8
v -2.1 2.2 1.8
v -2 2.2 1.8
v -1.9 2.2 1.8
v -1.8 2.2 1.8
v -1.7 2.2 1.8
v -1.6 2.2 1.8
v -1.5 2.2 1.8
v -1.4 2.2 1.8
v -1.3 2.2 1.8
v -1.2 2.2 1.8
v -1.1 2.2 1.8
v -1 2.2 1.8
v -0.9 2.2 1.8
v -0.8 2.2 1.8
v -0.7 2.2 1.8
v -0.6 2.2 1.8
v -0.5 2.2 1.8
v -0.4 2.2 1.8
v -0.3 2.2 1.8
v -0.2 2.2 1.8
v -0.0999999 2.2 1.8
v 0 2.2 1.8
v 0.0999999 2.2 1.8
v 0.2 2.2 1.8
v 0.3 2.2 1.8
v 0.4 2.2 1.8
v 0.5 2.2 1.8
v 0.6 2.2 1.8
v 0.7 2.2 1.8
v 0.8 2.2 1.8
v 0.9 2.2 1.8
v 1 2.2 1.8
v 1.1 2.2 1.8
v 1.2 2.2 1.8
v 1.3 2.2 1.8
v 1.4 2.2 1.8
v 1.5 2.2 1.8
v 1.6 2.2 1.8
v 1.7 2.2 1.8
v 1.8 2.2 1.8
v 1.9 2.2 1.8
v 2 2.2 1.8
v 2.1 2.2 1.8
v 2.2 2.2 1.8
v 2.3 2.2 1.8
v 2.4 2.2 1.8
v 2.5 2.2 1.8
v 2.6 2.2 1.8
v 2.7 2.2 1.8
v 2.8 2.2 1.8
v 2.9 2.2 1.8
v 3 2.2 1.8
v 3.1 2.2 1.8
v 3.2 2.2 1.8
v 3.3 2.2 1.8
v 3.4 2.2 1.8
v 3.5 2.2 1.8
v 3.6 2.2 1.8
v 3.7 2.2 1.8
v 3.8 2.2 1.8
v 3.9 2.2 1.8
v 4 2.2 1.8
v 4.1 2.2 1.8
v 4.2 2.2 1.8
v 4.3 2.2 1.8
v 4.4 2.2 1.8
v 4.5 2.2 1.8
v 4.6 2.2 1.8
v 4.7 2.2 1.8
v 4.8 2.2 1.8
v 4.9 2.2 1.8
v 5 2.2 1.8
v 5.1 2.2 1.8
v -5.8 2.3 1.8
v -5.7 2.3 1.8
v -5.7 2.4 1.8
v -5.6 2.4 1.8
v 4.4 2.4 1.8
v 5.9 2.4 1.8
v -5.6 2.5 1.8
v -2.4 2.5 1.8
v -2.2 2.5 1.8
v 0.5 2.5 1.8
v 0.8 2.5 1.8
v 2.8 2.5 1.8
v 3.8 2.5 1.8
v 4.4 2.5 1.8
v -2.4 2.6 1.8
v -2.3 2.6 1.8
v -2.2 2.6 1.8
v -2.1 2.6 1.8
v 0.7 2.6 1.8
v 0.8 2.6 1.8
v 3.3 2.6 1.8
v 3.8 2.6 1.8
v -2.3 2.7 1.8
v -2.2 2.7 1.8
v -2.1 2.7 1.8
v -2 2.7 1.8
v 2.6 2.7 1.8
v 2.8 2.7 1.8
v 3.1 2.7 1.8
v 3.3 2.7 1.8
v -2.2 2.8 1.8
v -2.1 2.8 1.8
v -2 2.8 1.8
v -1.9 2.8 1.8
v 2.5 2.8 1.8
v 2.6 2.8 1.8
v 2.9 2.8 1.8
v 3.1 2.8 1.8
v -2.1 2.9 1.8
v -2 2.9 1.8
v -1.9 2.9 1.8
v -1.8 2.9 1.8
v 2.4 2.9 1.8
v 2.5 2.9 1.8
v 2.7 2.9 1.8
v 2.9 2.9 1.8
v -2 3 1.8
v -1.9 3 1.8
v -1.8 3 1.8
v -1.7 3 1.8
v 0.4 3 1.8
v 0.5 3 1.8
v 2.2 3 1.8
v 2.4 3 1.8
v 2.6 3 1.8
v 2.7 3 1.8
v -1.9 3.1 1.8
v -1.8 3.1 1.8
v -1.7 3.1 1.8
v -1.6 3.1 1.8
v 0.6 3.1 1.8
v 0.7 3.1 1.8
v 2 3.1 1.8
v 2.2 3.1 1.8
v 2.4 3.1 1.8
v 2.6 3.1 1.8
v -1.8 3.2 1.8
v -1.7 3.2 1.8
v -1.6 3.2 1.8
v -1.5 3.2 1.8
v 1.7 3.2 1.8
v 2 3.2 1.8
v 2.2 3.2 1.8
v 2.4 3.2 1.8
v -1.7 3.3 1.8
v -1.6 3.3 1.8
v -1.5 3.3 1.8
v -1.4 3.3 1.8
v 1.5 3.3 1.8
v 1.7 3.3 1.8
v 2.1 3.3 1.8
v 2.2 3.3 1.8
v -1.6 3.4 1.8
v -1.5 3.4 1.8
v -1.4 3.4 1.8
v 0.4 3.4 1.8
v 0.6 3.4 1.8
v 1.5 3.4 1.8
v 1.9 3.4 1.8
v 2.1 3.4 1.8
v -1.5 3.5 1.8
v -1.4 3.5 1.8
v 1.7 3.5 1.8
v 1.9 3.5 1.8
v -1.4 3.6 1.8
v 1.7 3.6 1.8

# faces
f 4/8/1 2/8/1 1/8/1
f 5/8/1 2/8/1 4/8/1
f 6/8/1 2/8/1 5/8/1
f 7/8/1 2/8/1 6/8/1
f 9/8/1 4/8/1 3/8/1
f 9/8/1 5/8/1 4/8/1
f 10/6/1 6/6/1 5/6/1
f 10/8/1 5/8/1 9/8/1
f 11/8/1 8/8/1 7/8/1
f 11/6/1 6/6/1 10/6/1
f 11/8/1 7/8/1 6/8/1
f 12/8/1 8/8/1 11/8/1
f 13/6/1 10/6/1 9/6/1
f 13/8/1 9/8/1 3/8/1
f 13/6/1 12/6/1 11/6/1
f 13/6/1 11/6/1 10/6/1
f 14/6/1 12/6/1 13/6/1
f 15/6/1 12/6/1 14/6/1
f 16/8/1 8/8/1 12/8/1
f 16/6/1 12/6/1 15/6/1
f 17/8/1 13/8/1 3/8/1
f 17/8/1 14/8/1 13/8/1
f 18/8/1 14/8/1 17/8/1
f 19/6/1 15/6/1 14/6/1
f 19/8/1 14/8/1 18/8/1
f 20/8/1 16/8/1 15/8/1
f 20/6/1 15/6/1 19/6/1
f 21/8/1 8/8/1 16/8/1
f 21/8/1 16/8/1 20/8/1
f 22/8/1 8/8/1 21/8/1
f 23/8/1 20/8/1 19/8/1
f 23/8/1 21/8/1 20/8/1
f 23/8/1 19/8/1 18/8/1
f 24/8/1 21/8/1 23/8/1
f 29/8/1 28/8/1 27/8/1
f 30/8/1 28/8/1 29/8/1
f 31/3/1 26/3/1 25/3/1
f 32/3/1 26/3/1 31/3/1
f 36/8/1 34/8/1 33/8/1
f 37/8/1 34/8/1 36/8/1
f 38/8/1 34/8/1 37/8/1
f 39/8/1 34/8/1 38/8/1
f 41/8/1 36/8/1 35/8/1
f 41/8/1 37/8/1 36/8/1
f 42/6/1 38/6/1 37/6/1
f 42/8/1 37/8/1 41/8/1
f 43/8/1 39/8/1 38/8/1
f 43/6/1 38/6/1 42/6/1
f 43/8/1 40/8/1 39/8/1
f 44/8/1 40/8/1 43/8/1
f 45/6/1 42/6/1 41/6/1
f 45/8/1 41/8/1 35/8/1
f 45/6/1 44/6/1 43/6/1
f 45/6/1 43/6/1 42/6/1
f 46/6/1 44/6/1 45/6/1
f 47/6/1 44/6/1 46/6/1
f 48/8/1 40/8/1 44/8/1
f 48/6/1 44/6/1 47/6/1
f 49/8/1 45/8/1 35/8/1
f 49/8/1 46/8/1 45/8/1
f 50/8/1 46/8/1 49/8/1
f 51/6/1 47/6/1 46/6/1
f 51/8/1 46/8/1 50/8/1
f 52/8/1 48/8/1 47/8/1
f 52/6/1 47/6/1 51/6/1
f 53/8/1 40/8/1 48/8/1
f 53/8/1 48/8/1 52/8/1
f 54/8/1 40/8/1 53/8/1
f 55/8/1 52/8/1 51/8/1
f 55/8/1 53/8/1 52/8/1
f 55/8/1 51/8/1 50/8/1
f 56/8/1 53/8/1 55/8/1
f 66/3/1 60/3/1 59/3/1
f 67/3/1 60/3/1 66/3/1
f 68/8/1 66/8/1 65/8/1
f 69/8/1 66/8/1 68/8/1
f 70/3/1 60/3/1 67/3/1
f 71/3/1 60/3/1 70/3/1
f 72/8/1 64/8/1 63/8/1
f 73/8/1 58/8/1 57/8/1
f 74/8/1 58/8/1 73/8/1
f 76/8/1 72/8/1 63/8/1
f 76/8/1 75/8/1 74/8/1
f 76/8/1 74/8/1 73/8/1
f 76/8/1 73/8/1 72/8/1
f 77/8/1 75/8/1 76/8/1
f 78/8/1 75/8/1 77/8/1
f 79/8/1 75/8/1 78/8/1
f 80/8/1 75/8/1 79/8/1
f 86/8/1 80/8/1 79/8/1
f 86/8/1 81/8/1 80/8/1
f 87/8/1 81/8/1 86/8/1
f 88/8/1 83/8/1 82/8/1
f 89/8/1 83/8/1 88/8/1
f 90/3/1 85/3/1 84/3/1
f 91/3/1 90/3/1 89/3/1
f 92/3/1 85/3/1 90/3/1
f 92/3/1 90/3/1 91/3/1
f 93/8/1 76/8/1 63/8/1
f 94/8/1 76/8/1 93/8/1
f 95/8/1 78/8/1 77/8/1
f 96/8/1 78/8/1 95/8/1
f 97/8/1 81/8/1 87/8/1
f 98/8/1 81/8/1 97/8/1
f 106/3/1 85/3/1 92/3/1
f 108/8/1 104/8/1 103/8/1
f 110/3/1 106/3/1 105/3/1
f 111/3/1 85/3/1 106/3/1
f 111/3/1 106/3/1 110/3/1
f 112/8/1 100/8/1 99/8/1
f 113/8/1 102/8/1 101/8/1
f 114/8/1 102/8/1 113/8/1
f 115/8/1 108/8/1 107/8/1
f 116/8/1 104/8/1 108/8/1
f 116/8/1 108/8/1 115/8/1
f 117/8/1 104/8/1 116/8/1
f 118/8/1 110/8/1 109/8/1
f 119/8/1 110/8/1 118/8/1
f 120/3/1 85/3/1 111/3/1
f 121/3/1 85/3/1 120/3/1
f 122/8/1 112/8/1 99/8/1
f 122/8/1 114/8/1 113/8/1
f 122/8/1 116/8/1 115/8/1
f 122/8/1 115/8/1 114/8/1
f 122/8/1 113/8/1 112/8/1
f 123/8/1 116/8/1 122/8/1
f 124/8/1 116/8/1 123/8/1
f 125/8/1 116/8/1 124/8/1
f 130/8/1 62/8/1 61/8/1
f 131/8/1 62/8/1 130/8/1
f 132/8/1 122/8/1 99/8/1
f 133/8/1 122/8/1 132/8/1
f 134/8/1 127/8/1 126/8/1
f 135/8/1 127/8/1 134/8/1
f 136/3/1 129/3/1 128/3/1
f 137/8/1 124/8/1 123/8/1
f 138/8/1 124/8/1 137/8/1
f 139/3/1 136/3/1 135/3/1
f 140/3/1 129/3/1 136/3/1
f 140/3/1 136/3/1 139/3/1
f 150/8/1 142/8/1 141/8/1
f 151/8/1 142/8/1 150/8/1
f 153/3/1 144/3/1 143/3/1
f 154/3/1 144/3/1 153/3/1
f 155/3/1 146/3/1 145/3/1
f 156/3/1 146/3/1 155/3/1
f 157/8/1 152/8/1 151/8/1
f 159/3/1 144/3/1 154/3/1
f 160/3/1 144/3/1 159/3/1
f 161/3/1 155/3/1 145/3/1
f 162/3/1 155/3/1 161/3/1
f 163/8/1 158/8/1 157/8/1
f 163/8/1 157/8/1 151/8/1
f 164/8/1 158/8/1 163/8/1
f 169/3/1 155/3/1 162/3/1
f 170/3/1 155/3/1 169/3/1
f 171/3/1 168/3/1 167/3/1
f 173/3/1 155/3/1 170/3/1
f 175/3/1 166/3/1 165/3/1
f 176/3/1 166/3/1 175/3/1
f 177/3/1 172/3/1 171/3/1
f 177/3/1 171/3/1 167/3/1
f 178/3/1 172/3/1 177/3/1
f 183/3/1 182/3/1 181/3/1
f 184/3/1 182/3/1 183/3/1
f 185/3/1 174/3/1 173/3/1
f 185/3/1 173/3/1 170/3/1
f 186/3/1 174/3/1 185/3/1
f 187/8/1 163/8/1 151/8/1
f 189/3/1 180/3/1 179/3/1
f 190/3/1 180/3/1 189/3/1
f 191/3/1 183/3/1 181/3/1
f 192/3/1 183/3/1 191/3/1
f 194/3/1 185/3/1 170/3/1
f 195/8/1 188/8/1 187/8/1
f 195/8/1 187/8/1 151/8/1
f 196/8/1 188/8/1 195/8/1
f 200/3/1 194/3/1 193/3/1
f 201/8/1 150/8/1 149/8/1
f 202/8/1 150/8/1 201/8/1
f 203/8/1 195/8/1 151/8/1
f 204/8/1 195/8/1 203/8/1
f 206/3/1 198/3/1 197/3/1
f 207/3/1 200/3/1 199/3/1
f 207/3/1 185/3/1 194/3/1
f 207/3/1 194/3/1 200/3/1
f 209/8/1 203/8/1 202/8/1
f 210/8/1 203/8/1 209/8/1
f 211/3/1 206/3/1 205/3/1
f 212/3/1 198/3/1 206/3/1
f 212/3/1 206/3/1 211/3/1
f 213/3/1 208/3/1 207/3/1
f 213/3/1 207/3/1 199/3/1
f 214/3/1 208/3/1 213/3/1
f 215/3/1 148/3/1 147/3/1
f 216/3/1 148/3/1 215/3/1
f 224/8/1 218/8/1 217/8/1
f 225/8/1 218/8/1 224/8/1
f 226/8/1 220/8/1 219/8/1
f 227/3/1 221/3/1 220/3/1
f 227/8/1 220/8/1 226/8/1
f 228/3/1 221/3/1 227/3/1
f 229/3/1 221/3/1 228/3/1
f 232/3/1 231/3/1 230/3/1
f 233/3/1 231/3/1 232/3/1
f 239/3/1 235/3/1 234/3/1
f 240/8/1 237/8/1 236/8/1
f 241/8/1 237/8/1 240/8/1
f 242/8/1 239/8/1 238/8/1
f 243/3/1 235/3/1 239/3/1
f 243/8/1 239/8/1 242/8/1
f 244/3/1 235/3/1 243/3/1
f 245/3/1 223/3/1 222/3/1
f 246/3/1 223/3/1 245/3/1
f 251/3/1 248/3/1 247/3/1
f 252/3/1 248/3/1 251/3/1
f 253/3/1 250/3/1 249/3/1
f 254/3/1 250/3/1 253/3/1
f 259/5/1 256/5/1 255/5/1
f 260/5/1 256/5/1 259/5/1
f 261/5/1 258/5/1 257/5/1
f 262/5/1 258/5/1 261/5/1
f 265/5/1 264/5/1 263/5/1
f 266/5/1 264/5/1 265/5/1
f 269/5/1 268/5/1 267/5/1
f 270/5/1 268/5/1 269/5/1
f 273/5/1 272/5/1 271/5/1
f 274/5/1 272/5/1 273/5/1
f 277/3/1 276/3/1 275/3/1
f 278/3/1 276/3/1 277/3/1
f 281/3/1 280/3/1 279/3/1
f 282/3/1 280/3/1 281/3/1
f 285/3/1 284/3/1 283/3/1
f 286/3/1 284/3/1 285/3/1
f 287/10/1 286/10/1 285/10/1
f 288/10/1 286/10/1 287/10/1
f 289/3/1 288/3/1 287/3/1
f 290/3/1 288/3/1 289/3/1
f 293/3/1 292/3/1 291/3/1
f 294/3/1 292/3/1 293/3/1
f 295/10/1 294/10/1 293/10/1
f 296/10/1 294/10/1 295/10/1
f 297/3/1 296/3/1 295/3/1
f 298/3/1 296/3/1 297/3/1
f 301/3/1 300/3/1 299/3/1
f 302/3/1 300/3/1 301/3/1
f 303/10/1 302/10/1 301/10/1
f 304/10/1 302/10/1 303/10/1
f 305/3/1 304/3/1 303/3/1
f 306/3/1 304/3/1 305/3/1
f 309/3/1 308/3/1 307/3/1
f 310/3/1 308/3/1 309/3/1
f 311/10/1 310/10/1 309/10/1
f 312/10/1 310/10/1 311/10/1
f 313/3/1 312/3/1 311/3/1
f 314/3/1 312/3/1 313/3/1
f 317/3/1 316/3/1 315/3/1
f 318/3/1 316/3/1 317/3/1
f 319/10/1 318/10/1 317/10/1
f 320/10/1 318/10/1 319/10/1
f 321/3/1 320/3/1 319/3/1
f 322/3/1 320/3/1 321/3/1
f 325/3/1 324/3/1 323/3/1
f 326/3/1 324/3/1 325/3/1
f 327/10/1 326/10/1 325/10/1
f 328/10/1 326/10/1 327/10/1
f 329/3/1 328/3/1 327/3/1
f 330/3/1 328/3/1 329/3/1
f 333/3/1 332/3/1 331/3/1
f 334/3/1 332/3/1 333/3/1
f 335/10/1 334/10/1 333/10/1
f 336/10/1 334/10/1 335/10/1
f 337/3/1 336/3/1 335/3/1
f 338/3/1 336/3/1 337/3/1
f 341/3/1 340/3/1 339/3/1
f 342/3/1 340/3/1 341/3/1
f 343/10/1 342/10/1 341/10/1
f 344/10/1 342/10/1 343/10/1
f 345/3/1 344/3/1 343/3/1
f 346/3/1 344/3/1 345/3/1
f 349/3/1 348/3/1 347/3/1
f 350/3/1 348/3/1 349/3/1
f 351/10/1 350/10/1 349/10/1
f 352/10/1 350/10/1 351/10/1
f 353/3/1 352/3/1 351/3/1
f 354/3/1 352/3/1 353/3/1
f 357/3/1 356/3/1 355/3/1
f 358/3/1 356/3/1 357/3/1
f 359/3/1 356/3/1 358/3/1
f 360/3/1 356/3/1 359/3/1
f 363/3/1 362/3/1 361/3/1
f 364/3/1 362/3/1 363/3/1
f 367/2/1 366/2/1 365/2/1
f 368/2/1 366/2/1 367/2/1
f 371/2/1 370/2/1 369/2/1
f 372/2/1 370/2/1 371/2/1
f 375/2/1 374/2/1 373/2/1
f 376/2/1 374/2/1 375/2/1
f 379/5/1 378/5/1 377/5/1
f 380/5/1 378/5/1 379/5/1
f 383/5/1 382/5/1 381/5/1
f 384/5/1 382/5/1 383/5/1
f 387/5/1 386/5/1 385/5/1
f 388/5/1 386/5/1 387/5/1
f 391/5/1 390/5/1 389/5/1
f 392/5/1 390/5/1 391/5/1
f 395/5/1 394/5/1 393/5/1
f 396/5/1 394/5/1 395/5/1
f 399/3/1 398/3/1 397/3/1
f 400/3/1 398/3/1 399/3/1
f 403/8/1 402/8/1 401/8/1
f 404/8/1 402/8/1 403/8/1
f 409/8/1 406/8/1 405/8/1
f 410/8/1 406/8/1 409/8/1
f 411/8/1 408/8/1 407/8/1
f 412/8/1 408/8/1 411/8/1
f 413/8/2 414/8/2 417/8/2
f 417/8/2 414/8/2 418/8/2
f 415/8/2 416/8/2 419/8/2
f 419/8/2 416/8/2 420/8/2
f 421/3/2 422/3/2 423/3/2
f 423/3/2 422/3/2 424/3/2
f 425/5/2 426/5/2 427/5/2
f 427/5/2 426/5/2 428/5/2
f 429/5/2 430/5/2 431/5/2
f 431/5/2 430/5/2 432/5/2
f 433/5/2 434/5/2 435/5/2
f 435/5/2 434/5/2 436/5/2
f 437/5/2 438/5/2 439/5/2
f 439/5/2 438/5/2 440/5/2
f 441/5/2 442/5/2 443/5/2
f 443/5/2 442/5/2 444/5/2
f 445/2/2 446/2/2 447/2/2
f 447/2/2 446/2/2 448/2/2
f 449/2/2 450/2/2 451/2/2
f 451/2/2 450/2/2 452/2/2
f 453/2/2 454/2/2 455/2/2
f 455/2/2 454/2/2 456/2/2
f 457/3/2 458/3/2 459/3/2
f 459/3/2 458/3/2 460/3/2
f 461/3/2 462/3/2 463/3/2
f 463/3/2 462/3/2 464/3/2
f 464/3/2 462/3/2 465/3/2
f 465/3/2 462/3/2 466/3/2
f 467/3/2 468/3/2 469/3/2
f 469/3/2 468/3/2 470/3/2
f 469/10/2 470/10/2 471/10/2
f 471/10/2 470/10/2 472/10/2
f 471/3/2 472/3/2 473/3/2
f 473/3/2 472/3/2 474/3/2
f 475/3/2 476/3/2 477/3/2
f 477/3/2 476/3/2 478/3/2
f 477/10/2 478/10/2 479/10/2
f 479/10/2 478/10/2 480/10/2
f 479/3/2 480/3/2 481/3/2
f 481/3/2 480/3/2 482/3/2
f 483/3/2 484/3/2 485/3/2
f 485/3/2 484/3/2 486/3/2
f 485/10/2 486/10/2 487/10/2
f 487/10/2 486/10/2 488/10/2
f 487/3/2 488/3/2 489/3/2
f 489/3/2 488/3/2 490/3/2
f 491/3/2 492/3/2 493/3/2
f 493/3/2 492/3/2 494/3/2
f 493/10/2 494/10/2 495/10/2
f 495/10/2 494/10/2 496/10/2
f 495/3/2 496/3/2 497/3/2
f 497/3/2 496/3/2 498/3/2
f 499/3/2 500/3/2 501/3/2
f 501/3/2 500/3/2 502/3/2
f 501/10/2 502/10/2 503/10/2
f 503/10/2 502/10/2 504/10/2
f 503/3/2 504/3/2 505/3/2
f 505/3/2 504/3/2 506/3/2
f 509/3/2 510/3/2 511/3/2
f 511/3/2 510/3/2 512/3/2
f 511/10/2 512/10/2 513/10/2
f 513/10/2 512/10/2 514/10/2
f 507/3/2 508/3/2 515/3/2
f 515/3/2 508/3/2 516/3/2
f 513/3/2 514/3/2 517/3/2
f 517/3/2 514/3/2 518/3/2
f 519/3/2 520/3/2 521/3/2
f 521/3/2 520/3/2 522/3/2
f 521/10/2 522/10/2 523/10/2
f 523/10/2 522/10/2 524/10/2
f 523/3/2 524/3/2 525/3/2
f 525/3/2 524/3/2 526/3/2
f 527/3/2 528/3/2 529/3/2
f 529/3/2 528/3/2 530/3/2
f 529/10/2 530/10/2 531/10/2
f 531/10/2 530/10/2 532/10/2
f 531/3/2 532/3/2 533/3/2
f 533/3/2 532/3/2 534/3/2
f 535/3/2 536/3/2 537/3/2
f 537/3/2 536/3/2 538/3/2
f 539/5/2 540/5/2 541/5/2
f 541/5/2 540/5/2 542/5/2
f 545/3/2 546/3/2 548/3/2
f 547/3/2 548/3/2 549/3/2
f 548/3/2 546/3/2 550/3/2
f 549/3/2 548/3/2 550/3/2
f 543/5/2 544/5/2 551/5/2
f 551/5/2 544/5/2 552/5/2
f 550/3/2 546/3/2 553/3/2
f 553/3/2 546/3/2 554/3/2
f 555/5/2 556/5/2 557/5/2
f 557/5/2 556/5/2 558/5/2
f 559/5/2 560/5/2 561/5/2
f 561/5/2 560/5/2 562/5/2
f 563/5/2 564/5/2 565/5/2
f 565/5/2 564/5/2 566/5/2
f 567/3/2 568/3/2 569/3/2
f 569/3/2 568/3/2 570/3/2
f 571/3/2 572/3/2 573/3/2
f 573/3/2 572/3/2 574/3/2
f 575/3/2 576/3/2 577/3/2
f 577/3/2 576/3/2 578/3/2
f 579/3/2 580/3/2 581/3/2
f 581/3/2 580/3/2 582/3/2
f 579/3/2 581/3/2 583/3/2
f 579/3/2 583/3/2 585/3/2
f 583/3/2 584/3/2 585/3/2
f 585/3/2 584/3/2 586/3/2
f 590/3/2 591/3/2 592/3/2
f 592/3/2 591/3/2 593/3/2
f 590/3/2 592/3/2 594/3/2
f 593/3/2 591/3/2 595/3/2
f 590/3/2 594/3/2 596/3/2
f 594/3/2 595/3/2 596/3/2
f 595/3/2 591/3/2 597/3/2
f 596/3/2 595/3/2 597/3/2
f 598/3/2 599/3/2 600/3/2
f 600/3/2 599/3/2 601/3/2
f 598/3/2 600/3/2 602/3/2
f 601/3/2 599/3/2 603/3/2
f 598/3/2 602/3/2 604/3/2
f 602/3/2 603/3/2 604/3/2
f 603/3/2 599/3/2 605/3/2
f 604/3/2 603/3/2 605/3/2
f 590/3/2 596/3/2 606/3/2
f 606/3/2 607/3/2 608/3/2
f 608/3/2 607/3/2 609/3/2
f 606/3/2 608/3/2 610/3/2
f 609/3/2 607/3/2 611/3/2
f 587/8/2 588/8/2 612/8/2
f 612/8/2 588/8/2 613/8/2
f 589/8/2 590/8/2 614/8/2
f 610/3/2 611/3/2 615/3/2
f 614/8/2 590/8/2 615/8/2
f 590/3/2 606/3/2 615/3/2
f 606/3/2 610/3/2 615/3/2
f 611/3/2 607/3/2 616/3/2
f 615/3/2 611/3/2 616/3/2
f 619/4/2 620/4/2 621/4/2
f 621/4/2 620/4/2 622/4/2
f 623/7/2 624/7/2 625/7/2
f 625/7/2 624/7/2 626/7/2
f 623/7/2 625/7/2 627/7/2
f 625/9/2 626/9/2 627/9/2
f 626/7/2 624/7/2 628/7/2
f 627/9/2 626/9/2 628/9/2
f 628/7/2 624/7/2 629/7/2
f 627/7/2 628/7/2 630/7/2
f 628/9/2 629/9/2 630/9/2
f 629/7/2 624/7/2 631/7/2
f 630/9/2 629/9/2 631/9/2
f 627/7/2 630/7/2 632/7/2
f 630/7/2 631/7/2 632/7/2
f 631/7/2 624/7/2 633/7/2
f 632/7/2 631/7/2 633/7/2
f 623/7/2 627/7/2 634/7/2
f 627/7/2 632/7/2 634/7/2
f 632/9/2 633/9/2 635/9/2
f 634/7/2 632/7/2 635/7/2
f 623/7/2 634/7/2 636/7/2
f 634/9/2 635/9/2 636/9/2
f 635/9/2 633/9/2 637/9/2
f 636/9/2 635/9/2 637/9/2
f 636/7/2 637/7/2 638/7/2
f 637/9/2 633/9/2 638/9/2
f 633/7/2 624/7/2 639/7/2
f 638/9/2 633/9/2 639/9/2
f 636/7/2 638/7/2 640/7/2
f 623/7/2 636/7/2 640/7/2
f 638/7/2 639/7/2 640/7/2
f 639/7/2 624/7/2 641/7/2
f 640/7/2 639/7/2 641/7/2
f 642/4/2 643/4/2 644/4/2
f 644/4/2 643/4/2 645/4/2
f 617/8/2 618/8/2 646/8/2
f 646/8/2 618/8/2 647/8/2
f 650/5/3 649/5/3 648/5/3
f 651/5/3 649/5/3 650/5/3
f 654/5/3 653/5/3 652/5/3
f 655/5/3 653/5/3 654/5/3
f 658/5/3 657/5/3 656/5/3
f 659/5/3 657/5/3 658/5/3
f 662/5/3 661/5/3 660/5/3
f 663/5/3 661/5/3 662/5/3
f 666/5/3 665/5/3 664/5/3
f 667/5/3 665/5/3 666/5/3
f 670/5/3 669/5/3 668/5/3
f 671/5/3 669/5/3 670/5/3
f 674/5/3 673/5/3 672/5/3
f 675/5/3 673/5/3 674/5/3
f 678/5/3 677/5/3 676/5/3
f 679/5/3 677/5/3 678/5/3
f 682/5/3 681/5/3 680/5/3
f 683/5/3 681/5/3 682/5/3
f 686/5/3 685/5/3 684/5/3
f 687/5/3 685/5/3 686/5/3
f 690/5/3 689/5/3 688/5/3
f 691/5/3 689/5/3 690/5/3
f 694/5/3 693/5/3 692/5/3
f 695/5/3 693/5/3 694/5/3
f 698/5/3 697/5/3 696/5/3
f 699/5/3 697/5/3 698/5/3
f 702/5/3 701/5/3 700/5/3
f 703/5/3 701/5/3 702/5/3
f 707/8/3 705/8/3 704/8/3
f 708/8/3 705/8/3 707/8/3
f 710/8/3 707/8/3 706/8/3
f 710/8/3 709/8/3 708/8/3
f 710/8/3 708/8/3 707/8/3
f 711/8/3 709/8/3 710/8/3
f 714/3/3 713/3/3 712/3/3
f 715/3/3 713/3/3 714/3/3
f 716/5/3 715/5/3 714/5/3
f 717/5/3 715/5/3 716/5/3
f 720/5/3 719/5/3 718/5/3
f 721/5/3 719/5/3 720/5/3
f 725/8/3 723/8/3 722/8/3
f 726/8/3 723/8/3 725/8/3
f 728/8/3 725/8/3 724/8/3
f 729/8/3 725/8/3 728/8/3
f 730/8/3 727/8/3 726/8/3
f 731/8/3 727/8/3 730/8/3
f 734/3/3 733/3/3 732/3/3
f 735/3/3 733/3/3 734/3/3
f 738/5/3 737/5/3 736/5/3
f 739/5/3 737/5/3 738/5/3
f 742/5/3 741/5/3 740/5/3
f 743/5/3 741/5/3 742/5/3
f 746/3/3 745/3/3 744/3/3
f 747/3/3 745/3/3 746/3/3
f 750/8/3 749/8/3 748/8/3
f 751/8/3 749/8/3 750/8/3
f 754/3/3 753/3/3 752/3/3
f 755/3/3 753/3/3 754/3/3
f 758/3/3 757/3/3 756/3/3
f 759/3/3 757/3/3 758/3/3
f 762/3/3 761/3/3 760/3/3
f 763/3/3 761/3/3 762/3/3
f 766/3/3 765/3/3 764/3/3
f 767/3/3 765/3/3 766/3/3
f 770/8/3 769/8/3 768/8/3
f 771/8/3 769/8/3 770/8/3
f 774/8/3 773/8/3 772/8/3
f 775/8/3 773/8/3 774/8/3
f 778/8/3 777/8/3 776/8/3
f 779/8/3 777/8/3 778/8/3
f 782/3/3 781/3/3 780/3/3
f 783/3/3 781/3/3 782/3/3
f 786/3/3 785/3/3 784/3/3
f 787/3/3 785/3/3 786/3/3
f 791/8/3 789/8/3 788/8/3
f 792/8/3 789/8/3 791/8/3
f 795/8/3 791/8/3 790/8/3
f 795/8/3 793/8/3 792/8/3
f 795/8/3 792/8/3 791/8/3
f 796/8/3 793/8/3 795/8/3
f 797/8/3 793/8/3 796/8/3
f 798/8/3 793/8/3 797/8/3
f 799/8/3 793/8/3 798/8/3
f 800/8/3 793/8/3 799/8/3
f 802/3/3 795/3/3 794/3/3
f 802/3/3 796/3/3 795/3/3
f 803/3/3 796/3/3 802/3/3
f 804/3/3 798/3/3 797/3/3
f 805/3/3 798/3/3 804/3/3
f 806/3/3 801/3/3 800/3/3
f 806/3/3 800/3/3 799/3/3
f 807/3/3 801/3/3 806/3/3
f 810/3/3 809/3/3 808/3/3
f 811/3/3 809/3/3 810/3/3
f 820/8/3 813/8/3 812/8/3
f 821/8/3 813/8/3 820/8/3
f 822/8/3 815/8/3 814/8/3
f 823/8/3 815/8/3 822/8/3
f 824/8/3 817/8/3 816/8/3
f 825/8/3 817/8/3 824/8/3
f 826/8/3 819/8/3 818/8/3
f 827/8/3 819/8/3 826/8/3
f 830/3/3 829/3/3 828/3/3
f 831/3/3 829/3/3 830/3/3
f 834/3/3 833/3/3 832/3/3
f 835/3/3 833/3/3 834/3/3
f 838/7/3 837/7/3 836/7/3
f 839/7/3 837/7/3 838/7/3
f 844/8/3 841/8/3 840/8/3
f 845/8/3 841/8/3 844/8/3
f 846/8/3 843/8/3 842/8/3
f 847/8/3 843/8/3 846/8/3
f 852/8/3 849/8/3 848/8/3
f 853/8/3 849/8/3 852/8/3
f 854/8/3 851/8/3 850/8/3
f 855/8/3 851/8/3 854/8/3
f 861/8/3 857/8/3 856/8/3
f 862/8/3 857/8/3 861/8/3
f 865/8/3 859/8/3 858/8/3
f 866/8/3 859/8/3 865/8/3
f 868/8/3 863/8/3 862/8/3
f 868/8/3 861/8/3 860/8/3
f 868/8/3 862/8/3 861/8/3
f 869/8/3 863/8/3 868/8/3
f 870/8/3 867/8/3 866/8/3
f 870/8/3 866/8/3 865/8/3
f 870/8/3 865/8/3 864/8/3
f 871/8/3 867/8/3 870/8/3
f 883/8/3 873/8/3 872/8/3
f 884/8/3 873/8/3 883/8/3
f 885/8/3 875/8/3 874/8/3
f 886/8/3 875/8/3 885/8/3
f 887/3/3 877/3/3 876/3/3
f 888/3/3 877/3/3 887/3/3
f 889/8/3 879/8/3 878/8/3
f 890/8/3 879/8/3 889/8/3
f 891/8/3 881/8/3 880/8/3
f 892/8/3 881/8/3 891/8/3
f 894/3/3 883/3/3 882/3/3
f 895/3/3 883/3/3 894/3/3
f 896/3/3 889/3/3 888/3/3
f 896/3/3 888/3/3 887/3/3
f 896/3/3 887/3/3 886/3/3
f 897/3/3 889/3/3 896/3/3
f 898/3/3 893/3/3 892/3/3
f 899/3/3 893/3/3 898/3/3
f 904/4/3 901/4/3 900/4/3
f 905/4/3 901/4/3 904/4/3
f 906/4/3 903/4/3 902/4/3
f 907/4/3 903/4/3 906/4/3
f 908/8/4 909/8/4 911/8/4
f 911/8/4 909/8/4 912/8/4
f 910/8/4 911/8/4 914/8/4
f 914/8/4 911/8/4 915/8/4
f 912/8/4 913/8/4 916/8/4
f 916/8/4 913/8/4 917/8/4
f 918/8/4 919/8/4 920/8/4
f 920/8/4 919/8/4 921/8/4
f 922/8/4 923/8/4 928/8/4
f 928/8/4 923/8/4 929/8/4
f 924/8/4 925/8/4 930/8/4
f 930/8/4 925/8/4 931/8/4
f 926/8/4 927/8/4 932/8/4
f 932/8/4 927/8/4 933/8/4
f 934/3/4 935/3/4 936/3/4
f 936/3/4 935/3/4 937/3/4
f 938/8/4 939/8/4 946/8/4
f 946/8/4 939/8/4 947/8/4
f 940/8/4 941/8/4 948/8/4
f 948/8/4 941/8/4 949/8/4
f 942/8/4 943/8/4 950/8/4
f 950/8/4 943/8/4 951/8/4
f 944/8/4 945/8/4 952/8/4
f 952/8/4 945/8/4 953/8/4
f 954/8/4 955/8/4 956/8/4
f 956/8/4 955/8/4 957/8/4
f 958/8/4 959/8/4 960/8/4
f 960/8/4 959/8/4 961/8/4
f 962/5/4 963/5/4 964/5/4
f 964/5/4 963/5/4 965/5/4
f 966/3/4 967/3/4 968/3/4
f 968/3/4 967/3/4 969/3/4
f 970/8/4 971/8/4 978/8/4
f 978/8/4 971/8/4 979/8/4
f 972/8/4 973/8/4 980/8/4
f 980/8/4 973/8/4 981/8/4
f 974/8/4 975/8/4 982/8/4
f 982/8/4 975/8/4 983/8/4
f 976/8/4 977/8/4 984/8/4
f 984/8/4 977/8/4 985/8/4
f 986/8/4 987/8/4 990/8/4
f 990/8/4 987/8/4 991/8/4
f 988/8/4 989/8/4 992/8/4
f 992/8/4 989/8/4 993/8/4
f 994/8/4 995/8/4 997/8/4
f 997/8/4 995/8/4 998/8/4
f 996/8/4 997/8/4 1000/8/4
f 998/8/4 999/8/4 1000/8/4
f 997/8/4 998/8/4 1000/8/4
f 1000/8/4 999/8/4 1001/8/4
f 1002/7/4 1003/7/4 1004/7/4
f 1004/7/4 1003/7/4 1005/7/4
f 1006/8/4 1007/8/4 1016/8/4
f 1016/8/4 1007/8/4 1017/8/4
f 1008/8/4 1009/8/4 1018/8/4
f 1018/8/4 1009/8/4 1019/8/4
f 1010/3/4 1011/3/4 1020/3/4
f 1020/3/4 1011/3/4 1021/3/4
f 1012/8/4 1013/8/4 1022/8/4
f 1022/8/4 1013/8/4 1023/8/4
f 1014/8/4 1015/8/4 1024/8/4
f 1024/8/4 1015/8/4 1025/8/4
f 1026/8/4 1027/8/4 1031/8/4
f 1031/8/4 1027/8/4 1032/8/4
f 1028/8/4 1029/8/4 1033/8/4
f 1033/8/4 1029/8/4 1034/8/4
f 1031/3/4 1032/3/4 1036/3/4
f 1034/3/4 1035/3/4 1036/3/4
f 1033/3/4 1034/3/4 1036/3/4
f 1032/3/4 1033/3/4 1036/3/4
f 1030/3/4 1031/3/4 1036/3/4
f 1036/3/4 1035/3/4 1037/3/4
f 1038/3/4 1039/3/4 1040/3/4
f 1040/3/4 1039/3/4 1041/3/4
f 1041/3/4 1039/3/4 1042/3/4
f 1042/3/4 1039/3/4 1043/3/4
f 1041/3/4 1042/3/4 1046/3/4
f 1046/3/4 1042/3/4 1047/3/4
f 1044/4/4 1045/4/4 1050/4/4
f 1050/4/4 1045/4/4 1051/4/4
f 1048/4/4 1049/4/4 1052/4/4
f 1052/4/4 1049/4/4 1053/4/4
f 1054/3/4 1055/3/4 1056/3/4
f 1056/3/4 1055/3/4 1057/3/4
f 1058/3/4 1059/3/4 1062/3/4
f 1062/3/4 1059/3/4 1063/3/4
f 1060/3/4 1061/3/4 1064/3/4
f 1064/3/4 1061/3/4 1065/3/4
f 1066/3/4 1067/3/4 1068/3/4
f 1068/3/4 1067/3/4 1069/3/4
f 1069/3/4 1067/3/4 1070/3/4
f 1070/3/4 1067/3/4 1071/3/4
f 1072/3/4 1073/3/4 1074/3/4
f 1074/3/4 1073/3/4 1075/3/4
f 1076/3/4 1077/3/4 1080/3/4
f 1077/10/4 1078/10/4 1081/10/4
f 1080/3/4 1077/3/4 1081/3/4
f 1078/3/4 1079/3/4 1082/3/4
f 1081/10/4 1078/10/4 1082/10/4
f 1082/3/4 1079/3/4 1083/3/4
f 1084/3/4 1085/3/4 1088/3/4
f 1086/3/4 1087/3/4 1088/3/4
f 1085/3/4 1086/3/4 1088/3/4
f 1088/3/4 1087/3/4 1089/3/4
f 1090/3/4 1091/3/4 1094/3/4
f 1091/10/4 1092/10/4 1095/10/4
f 1094/3/4 1091/3/4 1095/3/4
f 1092/3/4 1093/3/4 1096/3/4
f 1095/10/4 1092/10/4 1096/10/4
f 1096/3/4 1093/3/4 1097/3/4
f 1098/3/4 1099/3/4 1102/3/4
f 1099/10/4 1100/10/4 1103/10/4
f 1102/3/4 1099/3/4 1103/3/4
f 1100/3/4 1101/3/4 1104/3/4
f 1103/10/4 1100/10/4 1104/10/4
f 1104/3/4 1101/3/4 1105/3/4
f 1106/3/4 1107/3/4 1110/3/4
f 1107/10/4 1108/10/4 1111/10/4
f 1110/3/4 1107/3/4 1111/3/4
f 1108/3/4 1109/3/4 1112/3/4
f 1111/10/4 1108/10/4 1112/10/4
f 1112/3/4 1109/3/4 1113/3/4
f 1114/3/4 1115/3/4 1118/3/4
f 1115/10/4 1116/10/4 1119/10/4
f 1118/3/4 1115/3/4 1119/3/4
f 1116/3/4 1117/3/4 1120/3/4
f 1119/10/4 1116/10/4 1120/10/4
f 1120/3/4 1117/3/4 1121/3/4
f 1122/3/4 1123/3/4 1126/3/4
f 1123/10/4 1124/10/4 1127/10/4
f 1126/3/4 1123/3/4 1127/3/4
f 1124/3/4 1125/3/4 1128/3/4
f 1127/10/4 1124/10/4 1128/10/4
f 1128/3/4 1125/3/4 1129/3/4
f 1130/3/4 1131/3/4 1134/3/4
f 1131/10/4 1132/10/4 1135/10/4
f 1134/3/4 1131/3/4 1135/3/4
f 1132/3/4 1133/3/4 1136/3/4
f 1135/10/4 1132/10/4 1136/10/4
f 1136/3/4 1133/3/4 1137/3/4
f 1138/3/4 1139/3/4 1142/3/4
f 1139/10/4 1140/10/4 1143/10/4
f 1142/3/4 1139/3/4 1143/3/4
f 1140/3/4 1141/3/4 1144/3/4
f 1143/10/4 1140/10/4 1144/10/4
f 1144/3/4 1141/3/4 1145/3/4
f 1146/3/4 1147/3/4 1150/3/4
f 1147/10/4 1148/10/4 1151/10/4
f 1150/3/4 1147/3/4 1151/3/4
f 1148/3/4 1149/3/4 1152/3/4
f 1151/10/4 1148/10/4 1152/10/4
f 1152/3/4 1149/3/4 1153/3/4
f 1154/3/4 1155/3/4 1158/3/4
f 1155/10/4 1156/10/4 1159/10/4
f 1158/3/4 1155/3/4 1159/3/4
f 1156/3/4 1157/3/4 1160/3/4
f 1159/10/4 1156/10/4 1160/10/4
f 1160/3/4 1157/3/4 1161/3/4
f 1162/3/4 1163/3/4 1166/3/4
f 1163/10/4 1164/10/4 1167/10/4
f 1166/3/4 1163/3/4 1167/3/4
f 1164/3/4 1165/3/4 1168/3/4
f 1167/10/4 1164/10/4 1168/10/4
f 1168/3/4 1165/3/4 1169/3/4
f 1170/3/4 1171/3/4 1174/3/4
f 1171/10/4 1172/10/4 1175/10/4
f 1174/3/4 1171/3/4 1175/3/4
f 1172/3/4 1173/3/4 1176/3/4
f 1175/10/4 1172/10/4 1176/10/4
f 1176/3/4 1173/3/4 1177/3/4
f 1178/3/4 1179/3/4 1182/3/4
f 1179/10/4 1180/10/4 1183/10/4
f 1182/3/4 1179/3/4 1183/3/4
f 1180/3/4 1181/3/4 1184/3/4
f 1183/10/4 1180/10/4 1184/10/4
f 1184/3/4 1181/3/4 1185/3/4
f 1186/3/4 1187/3/4 1190/3/4
f 1187/10/4 1188/10/4 1191/10/4
f 1190/3/4 1187/3/4 1191/3/4
f 1188/3/4 1189/3/4 1192/3/4
f 1191/10/4 1188/10/4 1192/10/4
f 1192/3/4 1189/3/4 1193/3/4
f 1194/3/4 1195/3/4 1198/3/4
f 1195/10/4 1196/10/4 1199/10/4
f 1198/3/4 1195/3/4 1199/3/4
f 1196/3/4 1197/3/4 1200/3/4
f 1199/10/4 1196/10/4 1200/10/4
f 1200/3/4 1197/3/4 1201/3/4
f 1202/3/4 1203/3/4 1206/3/4
f 1203/10/4 1204/10/4 1207/10/4
f 1206/3/4 1203/3/4 1207/3/4
f 1204/3/4 1205/3/4 1208/3/4
f 1207/10/4 1204/10/4 1208/10/4
f 1208/3/4 1205/3/4 1209/3/4
f 1210/3/4 1211/3/4 1214/3/4
f 1211/10/4 1212/10/4 1215/10/4
f 1214/3/4 1211/3/4 1215/3/4
f 1212/3/4 1213/3/4 1216/3/4
f 1215/10/4 1212/10/4 1216/10/4
f 1216/3/4 1213/3/4 1217/3/4
f 1218/3/4 1219/3/4 1220/3/4
f 1220/3/4 1219/3/4 1221/3/4
f 1222/3/4 1223/3/4 1224/3/4
f 1224/3/4 1223/3/4 1225/3/4
f 1226/3/4 1227/3/4 1228/3/4
f 1228/3/4 1227/3/4 1229/3/4
f 1226/3/4 1228/3/4 1230/3/4
f 1229/3/4 1227/3/4 1231/3/4
f 1226/3/4 1230/3/4 1232/3/4
f 1230/3/4 1231/3/4 1232/3/4
f 1231/3/4 1227/3/4 1233/3/4
f 1232/3/4 1231/3/4 1233/3/4
f 1234/2/4 1235/2/4 1236/2/4
f 1236/2/4 1235/2/4 1237/2/4
f 1238/2/4 1239/2/4 1240/2/4
f 1240/2/4 1239/2/4 1241/2/4
f 1242/2/4 1243/2/4 1244/2/4
f 1244/2/4 1243/2/4 1245/2/4
f 1246/2/4 1247/2/4 1248/2/4
f 1248/2/4 1247/2/4 1249/2/4
f 1250/2/4 1251/2/4 1252/2/4
f 1252/2/4 1251/2/4 1253/2/4
f 1259/5/5 1255/5/5 1254/5/5
f 1260/5/5 1255/5/5 1259/5/5
f 1263/5/5 1257/5/5 1256/5/5
f 1264/5/5 1257/5/5 1263/5/5
f 1267/5/5 1261/5/5 1260/5/5
f 1267/5/5 1259/5/5 1258/5/5
f 1267/5/5 1260/5/5 1259/5/5
f 1268/5/5 1261/5/5 1267/5/5
f 1271/5/5 1265/5/5 1264/5/5
f 1271/5/5 1264/5/5 1263/5/5
f 1271/5/5 1263/5/5 1262/5/5
f 1272/5/5 1265/5/5 1271/5/5
f 1275/5/5 1269/5/5 1268/5/5
f 1275/5/5 1268/5/5 1267/5/5
f 1275/5/5 1267/5/5 1266/5/5
f 1276/5/5 1269/5/5 1275/5/5
f 1279/5/5 1273/5/5 1272/5/5
f 1279/5/5 1272/5/5 1271/5/5
f 1279/5/5 1271/5/5 1270/5/5
f 1280/5/5 1273/5/5 1279/5/5
f 1286/5/5 1277/5/5 1276/5/5
f 1286/5/5 1276/5/5 1275/5/5
f 1286/5/5 1275/5/5 1274/5/5
f 1287/5/5 1277/5/5 1286/5/5
f 1290/8/5 1283/8/5 1282/8/5
f 1294/5/5 1281/5/5 1280/5/5
f 1294/5/5 1279/5/5 1278/5/5
f 1294/5/5 1280/5/5 1279/5/5
f 1295/5/5 1281/5/5 1294/5/5
f 1299/8/5 1290/8/5 1289/8/5
f 1299/8/5 1283/8/5 1290/8/5
f 1300/3/5 1285/3/5 1284/3/5
f 1302/3/5 1292/3/5 1291/3/5
f 1303/3/5 1292/3/5 1302/3/5
f 1304/5/5 1296/5/5 1295/5/5
f 1304/5/5 1294/5/5 1293/5/5
f 1304/5/5 1295/5/5 1294/5/5
f 1305/5/5 1296/5/5 1304/5/5
f 1306/3/5 1298/3/5 1297/3/5
f 1307/3/5 1298/3/5 1306/3/5
f 1311/8/5 1299/8/5 1289/8/5
f 1311/8/5 1300/8/5 1299/8/5
f 1312/8/5 1300/8/5 1311/8/5
f 1313/8/5 1300/8/5 1312/8/5
f 1314/3/5 1285/3/5 1300/3/5
f 1314/8/5 1300/8/5 1313/8/5
f 1315/3/5 1308/3/5 1307/3/5
f 1315/3/5 1306/3/5 1305/3/5
f 1315/3/5 1307/3/5 1306/3/5
f 1316/8/5 1310/8/5 1309/8/5
f 1317/8/5 1310/8/5 1316/8/5
f 1319/8/5 1313/8/5 1312/8/5
f 1320/8/5 1313/8/5 1319/8/5
f 1321/3/5 1285/3/5 1314/3/5
f 1322/5/5 1288/5/5 1287/5/5
f 1322/5/5 1286/5/5 1285/5/5
f 1322/5/5 1287/5/5 1286/5/5
f 1323/3/5 1303/3/5 1302/3/5
f 1323/3/5 1302/3/5 1301/3/5
f 1323/3/5 1304/3/5 1303/3/5
f 1324/3/5 1315/3/5 1305/3/5
f 1325/8/5 1318/8/5 1317/8/5
f 1325/3/5 1315/3/5 1324/3/5
f 1325/8/5 1317/8/5 1316/8/5
f 1325/8/5 1316/8/5 1315/8/5
f 1327/3/5 1321/3/5 1320/3/5
f 1327/3/5 1320/3/5 1319/3/5
f 1328/8/5 1318/8/5 1325/8/5
f 1329/8/5 1318/8/5 1328/8/5
f 1330/8/5 1318/8/5 1329/8/5
f 1331/8/5 1318/8/5 1330/8/5
f 1332/3/5 1327/3/5 1326/3/5
f 1332/5/5 1322/5/5 1285/5/5
f 1332/3/5 1285/3/5 1321/3/5
f 1332/3/5 1321/3/5 1327/3/5
f 1333/5/5 1322/5/5 1332/5/5
f 1334/5/5 1322/5/5 1333/5/5
f 1335/3/5 1323/3/5 1322/3/5
f 1335/5/5 1322/5/5 1334/5/5
f 1336/3/5 1324/3/5 1305/3/5
f 1337/8/5 1330/8/5 1329/8/5
f 1338/8/5 1330/8/5 1337/8/5
f 1340/3/5 1332/3/5 1326/3/5
f 1341/3/5 1332/3/5 1340/3/5
f 1342/5/5 1334/5/5 1333/5/5
f 1343/5/5 1305/5/5 1304/5/5
f 1343/3/5 1323/3/5 1335/3/5
f 1343/3/5 1304/3/5 1323/3/5
f 1343/3/5 1335/3/5 1334/3/5
f 1344/5/5 1305/5/5 1343/5/5
f 1345/5/5 1305/5/5 1344/5/5
f 1346/3/5 1336/3/5 1305/3/5
f 1346/5/5 1305/5/5 1345/5/5
f 1346/3/5 1338/3/5 1337/3/5
f 1346/3/5 1337/3/5 1336/3/5
f 1347/8/5 1340/8/5 1339/8/5
f 1348/3/5 1341/3/5 1340/3/5
f 1348/8/5 1340/8/5 1347/8/5
f 1348/3/5 1342/3/5 1341/3/5
f 1349/5/5 1334/5/5 1342/5/5
f 1349/3/5 1342/3/5 1348/3/5
f 1350/5/5 1334/5/5 1349/5/5
f 1351/5/5 1334/5/5 1350/5/5
f 1352/3/5 1344/3/5 1343/3/5
f 1352/5/5 1334/5/5 1351/5/5
f 1352/3/5 1343/3/5 1334/3/5
f 1353/5/5 1345/5/5 1344/5/5
f 1353/3/5 1344/3/5 1352/3/5
f 1354/5/5 1345/5/5 1353/5/5
f 1355/5/5 1345/5/5 1354/5/5
f 1356/3/5 1346/3/5 1345/3/5
f 1356/5/5 1345/5/5 1355/5/5
f 1357/5/5 1351/5/5 1350/5/5
f 1357/3/5 1350/3/5 1349/3/5
f 1357/3/5 1349/3/5 1348/3/5
f 1358/5/5 1351/5/5 1357/5/5
f 1359/5/5 1351/5/5 1358/5/5
f 1360/3/5 1352/3/5 1351/3/5
f 1360/5/5 1351/5/5 1359/5/5
f 1360/3/5 1354/3/5 1353/3/5
f 1360/3/5 1353/3/5 1352/3/5
f 1361/5/5 1355/5/5 1354/5/5
f 1361/3/5 1354/3/5 1360/3/5
f 1362/5/5 1355/5/5 1361/5/5
f 1363/5/5 1355/5/5 1362/5/5
f 1364/3/5 1356/3/5 1355/3/5
f 1364/5/5 1355/5/5 1363/5/5
f 1365/5/5 1359/5/5 1358/5/5
f 1365/3/5 1358/3/5 1357/3/5
f 1366/5/5 1359/5/5 1365/5/5
f 1367/5/5 1359/5/5 1366/5/5
f 1368/3/5 1360/3/5 1359/3/5
f 1368/5/5 1359/5/5 1367/5/5
f 1368/3/5 1361/3/5 1360/3/5
f 1368/3/5 1362/3/5 1361/3/5
f 1369/5/5 1363/5/5 1362/5/5
f 1369/3/5 1362/3/5 1368/3/5
f 1370/5/5 1363/5/5 1369/5/5
f 1371/5/5 1363/5/5 1370/5/5
f 1372/3/5 1364/3/5 1363/3/5
f 1372/5/5 1363/5/5 1371/5/5
f 1373/5/5 1367/5/5 1366/5/5
f 1373/3/5 1366/3/5 1365/3/5
f 1374/3/5 1368/3/5 1367/3/5
f 1374/5/5 1367/5/5 1373/5/5
f 1374/3/5 1369/3/5 1368/3/5
f 1374/3/5 1370/3/5 1369/3/5
f 1375/5/5 1371/5/5 1370/5/5
f 1375/3/5 1370/3/5 1374/3/5
f 1376/5/5 1371/5/5 1375/5/5
f 1377/5/5 1371/5/5 1376/5/5
f 1378/3/5 1372/3/5 1371/3/5
f 1378/5/5 1371/5/5 1377/5/5
f 1379/3/5 1374/3/5 1373/3/5
f 1379/5/5 1377/5/5 1376/5/5
f 1379/3/5 1375/3/5 1374/3/5
f 1379/3/5 1376/3/5 1375/3/5
f 1380/3/5 1378/3/5 1377/3/5
f 1380/5/5 1377/5/5 1379/5/5
f 1382/3/5 1373/3/5 1365/3/5
f 1382/3/5 1357/3/5 1348/3/5
f 1382/3/5 1380/3/5 1379/3/5
f 1382/3/5 1365/3/5 1357/3/5
f 1382/3/5 1379/3/5 1373/3/5
f 1383/3/5 1380/3/5 1382/3/5
f 1383/3/5 1382/3/5 1381/3/5
f 1384/3/5 1380/3/5 1383/3/5
f 1385/3/5 1380/3/5 1384/3/5
f 1386/3/5 1380/3/5 1385/3/5
f 1387/3/5 1380/3/5 1386/3/5
f 1388/3/5 1380/3/5 1387/3/5
f 1389/3/5 1380/3/5 1388/3/5
f 1390/3/5 1380/3/5 1389/3/5
f 1391/3/5 1380/3/5 1390/3/5
f 1392/3/5 1380/3/5 1391/3/5
f 1393/3/5 1380/3/5 1392/3/5
f 1394/3/5 1380/3/5 1393/3/5
f 1395/3/5 1380/3/5 1394/3/5
f 1396/3/5 1380/3/5 1395/3/5
f 1397/3/5 1380/3/5 1396/3/5
f 1398/3/5 1380/3/5 1397/3/5
f 1399/3/5 1380/3/5 1398/3/5
f 1400/3/5 1380/3/5 1399/3/5
f 1401/3/5 1380/3/5 1400/3/5
f 1402/3/5 1380/3/5 1401/3/5
f 1403/3/5 1380/3/5 1402/3/5
f 1404/3/5 1380/3/5 1403/3/5
f 1405/3/5 1380/3/5 1404/3/5
f 1406/3/5 1380/3/5 1405/3/5
f 1407/3/5 1380/3/5 1406/3/5
f 1408/3/5 1380/3/5 1407/3/5
f 1409/3/5 1380/3/5 1408/3/5
f 1410/3/5 1380/3/5 1409/3/5
f 1411/3/5 1380/3/5 1410/3/5
f 1412/3/5 1380/3/5 1411/3/5
f 1413/3/5 1380/3/5 1412/3/5
f 1414/3/5 1380/3/5 1413/3/5
f 1415/3/5 1380/3/5 1414/3/5
f 1416/3/5 1380/3/5 1415/3/5
f 1417/3/5 1380/3/5 1416/3/5
f 1418/3/5 1380/3/5 1417/3/5
f 1419/3/5 1380/3/5 1418/3/5
f 1420/3/5 1380/3/5 1419/3/5
f 1421/3/5 1380/3/5 1420/3/5
f 1422/3/5 1380/3/5 1421/3/5
f 1423/3/5 1380/3/5 1422/3/5
f 1424/3/5 1380/3/5 1423/3/5
f 1425/3/5 1380/3/5 1424/3/5
f 1426/3/5 1380/3/5 1425/3/5
f 1427/3/5 1380/3/5 1426/3/5
f 1428/3/5 1380/3/5 1427/3/5
f 1429/3/5 1380/3/5 1428/3/5
f 1430/3/5 1380/3/5 1429/3/5
f 1431/3/5 1380/3/5 1430/3/5
f 1432/3/5 1380/3/5 1431/3/5
f 1433/3/5 1380/3/5 1432/3/5
f 1434/3/5 1380/3/5 1433/3/5
f 1435/3/5 1380/3/5 1434/3/5
f 1436/3/5 1380/3/5 1435/3/5
f 1437/3/5 1380/3/5 1436/3/5
f 1438/3/5 1380/3/5 1437/3/5
f 1439/3/5 1380/3/5 1438/3/5
f 1440/3/5 1380/3/5 1439/3/5
f 1441/3/5 1380/3/5 1440/3/5
f 1442/3/5 1380/3/5 1441/3/5
f 1443/3/5 1380/3/5 1442/3/5
f 1444/3/5 1380/3/5 1443/3/5
f 1445/3/5 1380/3/5 1444/3/5
f 1446/3/5 1380/3/5 1445/3/5
f 1447/3/5 1380/3/5 1446/3/5
f 1448/3/5 1380/3/5 1447/3/5
f 1449/3/5 1380/3/5 1448/3/5
f 1450/3/5 1380/3/5 1449/3/5
f 1451/3/5 1380/3/5 1450/3/5
f 1452/3/5 1380/3/5 1451/3/5
f 1453/3/5 1380/3/5 1452/3/5
f 1454/3/5 1380/3/5 1453/3/5
f 1455/3/5 1380/3/5 1454/3/5
f 1456/3/5 1380/3/5 1455/3/5
f 1457/3/5 1380/3/5 1456/3/5
f 1458/3/5 1380/3/5 1457/3/5
f 1459/3/5 1380/3/5 1458/3/5
f 1460/3/5 1380/3/5 1459/3/5
f 1461/3/5 1380/3/5 1460/3/5
f 1462/3/5 1380/3/5 1461/3/5
f 1463/3/5 1380/3/5 1462/3/5
f 1464/3/5 1380/3/5 1463/3/5
f 1465/3/5 1380/3/5 1464/3/5
f 1466/3/5 1380/3/5 1465/3/5
f 1467/3/5 1380/3/5 1466/3/5
f 1468/3/5 1380/3/5 1467/3/5
f 1469/3/5 1380/3/5 1468/3/5
f 1470/3/5 1380/3/5 1469/3/5
f 1471/3/5 1380/3/5 1470/3/5
f 1472/3/5 1380/3/5 1471/3/5
f 1473/3/5 1380/3/5 1472/3/5
f 1474/3/5 1380/3/5 1473/3/5
f 1475/3/5 1380/3/5 1474/3/5
f 1476/3/5 1380/3/5 1475/3/5
f 1477/3/5 1380/3/5 1476/3/5
f 1478/3/5 1380/3/5 1477/3/5
f 1479/3/5 1378/3/5 1380/3/5
f 1479/3/5 1380/3/5 1478/3/5
f 1480/3/5 1378/3/5 1479/3/5
f 1481/3/5 1372/3/5 1378/3/5
f 1481/3/5 1378/3/5 1480/3/5
f 1482/3/5 1364/3/5 1372/3/5
f 1482/3/5 1372/3/5 1481/3/5
f 1483/3/5 1356/3/5 1364/3/5
f 1483/3/5 1364/3/5 1482/3/5
f 1484/3/5 1346/3/5 1356/3/5
f 1484/3/5 1356/3/5 1483/3/5
f 1485/3/5 1338/3/5 1346/3/5
f 1485/3/5 1346/3/5 1484/3/5
f 1486/3/5 1338/3/5 1485/3/5
f 1487/3/5 1338/3/5 1486/3/5
f 1488/3/5 1338/3/5 1487/3/5
f 1489/3/5 1338/3/5 1488/3/5
f 1490/3/5 1383/3/5 1381/3/5
f 1490/1/5 1384/1/5 1383/1/5
f 1491/5/5 1385/5/5 1384/5/5
f 1491/1/5 1384/1/5 1490/1/5
f 1492/1/5 1386/1/5 1385/1/5
f 1492/5/5 1385/5/5 1491/5/5
f 1493/5/5 1387/5/5 1386/5/5
f 1493/1/5 1386/1/5 1492/1/5
f 1494/1/5 1388/1/5 1387/1/5
f 1494/5/5 1387/5/5 1493/5/5
f 1495/5/5 1389/5/5 1388/5/5
f 1495/1/5 1388/1/5 1494/1/5
f 1496/1/5 1390/1/5 1389/1/5
f 1496/5/5 1389/5/5 1495/5/5
f 1497/5/5 1391/5/5 1390/5/5
f 1497/1/5 1390/1/5 1496/1/5
f 1498/1/5 1392/1/5 1391/1/5
f 1498/5/5 1391/5/5 1497/5/5
f 1499/5/5 1393/5/5 1392/5/5
f 1499/1/5 1392/1/5 1498/1/5
f 1500/1/5 1394/1/5 1393/1/5
f 1500/5/5 1393/5/5 1499/5/5
f 1501/5/5 1395/5/5 1394/5/5
f 1501/1/5 1394/1/5 1500/1/5
f 1502/1/5 1396/1/5 1395/1/5
f 1502/5/5 1395/5/5 1501/5/5
f 1503/5/5 1397/5/5 1396/5/5
f 1503/1/5 1396/1/5 1502/1/5
f 1504/1/5 1398/1/5 1397/1/5
f 1504/5/5 1397/5/5 1503/5/5
f 1505/5/5 1399/5/5 1398/5/5
f 1505/1/5 1398/1/5 1504/1/5
f 1506/1/5 1400/1/5 1399/1/5
f 1506/5/5 1399/5/5 1505/5/5
f 1507/5/5 1401/5/5 1400/5/5
f 1507/1/5 1400/1/5 1506/1/5
f 1508/1/5 1402/1/5 1401/1/5
f 1508/5/5 1401/5/5 1507/5/5
f 1509/5/5 1403/5/5 1402/5/5
f 1509/1/5 1402/1/5 1508/1/5
f 1510/1/5 1404/1/5 1403/1/5
f 1510/5/5 1403/5/5 1509/5/5
f 1511/5/5 1405/5/5 1404/5/5
f 1511/1/5 1404/1/5 1510/1/5
f 1512/1/5 1406/1/5 1405/1/5
f 1512/5/5 1405/5/5 1511/5/5
f 1513/5/5 1407/5/5 1406/5/5
f 1513/1/5 1406/1/5 1512/1/5
f 1514/1/5 1408/1/5 1407/1/5
f 1514/5/5 1407/5/5 1513/5/5
f 1515/5/5 1409/5/5 1408/5/5
f 1515/1/5 1408/1/5 1514/1/5
f 1516/1/5 1410/1/5 1409/1/5
f 1516/5/5 1409/5/5 1515/5/5
f 1517/5/5 1411/5/5 1410/5/5
f 1517/1/5 1410/1/5 1516/1/5
f 1518/1/5 1412/1/5 1411/1/5
f 1518/5/5 1411/5/5 1517/5/5
f 1519/5/5 1413/5/5 1412/5/5
f 1519/1/5 1412/1/5 1518/1/5
f 1520/1/5 1414/1/5 1413/1/5
f 1520/5/5 1413/5/5 1519/5/5
f 1521/5/5 1415/5/5 1414/5/5
f 1521/1/5 1414/1/5 1520/1/5
f 1522/1/5 1416/1/5 1415/1/5
f 1522/5/5 1415/5/5 1521/5/5
f 1523/5/5 1417/5/5 1416/5/5
f 1523/1/5 1416/1/5 1522/1/5
f 1524/1/5 1418/1/5 1417/1/5
f 1524/5/5 1417/5/5 1523/5/5
f 1525/5/5 1419/5/5 1418/5/5
f 1525/1/5 1418/1/5 1524/1/5
f 1526/1/5 1420/1/5 1419/1/5
f 1526/5/5 1419/5/5 1525/5/5
f 1527/5/5 1421/5/5 1420/5/5
f 1527/1/5 1420/1/5 1526/1/5
f 1528/1/5 1422/1/5 1421/1/5
f 1528/5/5 1421/5/5 1527/5/5
f 1529/5/5 1423/5/5 1422/5/5
f 1529/1/5 1422/1/5 1528/1/5
f 1530/1/5 1424/1/5 1423/1/5
f 1530/5/5 1423/5/5 1529/5/5
f 1531/5/5 1425/5/5 1424/5/5
f 1531/1/5 1424/1/5 1530/1/5
f 1532/1/5 1426/1/5 1425/1/5
f 1532/5/5 1425/5/5 1531/5/5
f 1533/5/5 1427/5/5 1426/5/5
f 1533/1/5 1426/1/5 1532/1/5
f 1534/1/5 1428/1/5 1427/1/5
f 1534/5/5 1427/5/5 1533/5/5
f 1535/5/5 1429/5/5 1428/5/5
f 1535/1/5 1428/1/5 1534/1/5
f 1536/1/5 1430/1/5 1429/1/5
f 1536/5/5 1429/5/5 1535/5/5
f 1537/5/5 1431/5/5 1430/5/5
f 1537/1/5 1430/1/5 1536/1/5
f 1538/1/5 1432/1/5 1431/1/5
f 1538/5/5 1431/5/5 1537/5/5
f 1539/5/5 1433/5/5 1432/5/5
f 1539/1/5 1432/1/5 1538/1/5
f 1540/1/5 1434/1/5 1433/1/5
f 1540/5/5 1433/5/5 1539/5/5
f 1541/5/5 1435/5/5 1434/5/5
f 1541/1/5 1434/1/5 1540/1/5
f 1542/1/5 1436/1/5 1435/1/5
f 1542/5/5 1435/5/5 1541/5/5
f 1543/5/5 1437/5/5 1436/5/5
f 1543/1/5 1436/1/5 1542/1/5
f 1544/1/5 1438/1/5 1437/1/5
f 1544/5/5 1437/5/5 1543/5/5
f 1545/5/5 1439/5/5 1438/5/5
f 1545/1/5 1438/1/5 1544/1/5
f 1546/1/5 1440/1/5 1439/1/5
f 1546/5/5 1439/5/5 1545/5/5
f 1547/5/5 1441/5/5 1440/5/5
f 1547/1/5 1440/1/5 1546/1/5
f 1548/1/5 1442/1/5 1441/1/5
f 1548/5/5 1441/5/5 1547/5/5
f 1549/5/5 1443/5/5 1442/5/5
f 1549/1/5 1442/1/5 1548/1/5
f 1550/1/5 1444/1/5 1443/1/5
f 1550/5/5 1443/5/5 1549/5/5
f 1551/5/5 1445/5/5 1444/5/5
f 1551/1/5 1444/1/5 1550/1/5
f 1552/1/5 1446/1/5 1445/1/5
f 1552/5/5 1445/5/5 1551/5/5
f 1553/5/5 1447/5/5 1446/5/5
f 1553/1/5 1446/1/5 1552/1/5
f 1554/1/5 1448/1/5 1447/1/5
f 1554/5/5 1447/5/5 1553/5/5
f 1555/5/5 1449/5/5 1448/5/5
f 1555/1/5 1448/1/5 1554/1/5
f 1556/1/5 1450/1/5 1449/1/5
f 1556/5/5 1449/5/5 1555/5/5
f 1557/5/5 1451/5/5 1450/5/5
f 1557/1/5 1450/1/5 1556/1/5
f 1558/1/5 1452/1/5 1451/1/5
f 1558/5/5 1451/5/5 1557/5/5
f 1559/5/5 1453/5/5 1452/5/5
f 1559/1/5 1452/1/5 1558/1/5
f 1560/1/5 1454/1/5 1453/1/5
f 1560/5/5 1453/5/5 1559/5/5
f 1561/5/5 1455/5/5 1454/5/5
f 1561/1/5 1454/1/5 1560/1/5
f 1562/1/5 1456/1/5 1455/1/5
f 1562/5/5 1455/5/5 1561/5/5
f 1563/5/5 1457/5/5 1456/5/5
f 1563/1/5 1456/1/5 1562/1/5
f 1564/1/5 1458/1/5 1457/1/5
f 1564/5/5 1457/5/5 1563/5/5
f 1565/5/5 1459/5/5 1458/5/5
f 1565/1/5 1458/1/5 1564/1/5
f 1566/1/5 1460/1/5 1459/1/5
f 1566/5/5 1459/5/5 1565/5/5
f 1567/5/5 1461/5/5 1460/5/5
f 1567/1/5 1460/1/5 1566/1/5
f 1568/1/5 1462/1/5 1461/1/5
f 1568/5/5 1461/5/5 1567/5/5
f 1569/5/5 1463/5/5 1462/5/5
f 1569/1/5 1462/1/5 1568/1/5
f 1570/1/5 1464/1/5 1463/1/5
f 1570/5/5 1463/5/5 1569/5/5
f 1571/5/5 1465/5/5 1464/5/5
f 1571/1/5 1464/1/5 1570/1/5
f 1572/1/5 1466/1/5 1465/1/5
f 1572/5/5 1465/5/5 1571/5/5
f 1573/5/5 1467/5/5 1466/5/5
f 1573/1/5 1466/1/5 1572/1/5
f 1574/1/5 1468/1/5 1467/1/5
f 1574/5/5 1467/5/5 1573/5/5
f 1575/5/5 1469/5/5 1468/5/5
f 1575/1/5 1468/1/5 1574/1/5
f 1576/1/5 1470/1/5 1469/1/5
f 1576/5/5 1469/5/5 1575/5/5
f 1577/5/5 1471/5/5 1470/5/5
f 1577/1/5 1470/1/5 1576/1/5
f 1578/1/5 1472/1/5 1471/1/5
f 1578/5/5 1471/5/5 1577/5/5
f 1579/5/5 1473/5/5 1472/5/5
f 1579/1/5 1472/1/5 1578/1/5
f 1580/1/5 1474/1/5 1473/1/5
f 1580/5/5 1473/5/5 1579/5/5
f 1581/5/5 1475/5/5 1474/5/5
f 1581/1/5 1474/1/5 1580/1/5
f 1582/1/5 1476/1/5 1475/1/5
f 1582/5/5 1475/5/5 1581/5/5
f 1583/5/5 1477/5/5 1476/5/5
f 1583/1/5 1476/1/5 1582/1/5
f 1584/1/5 1478/1/5 1477/1/5
f 1584/5/5 1477/5/5 1583/5/5
f 1585/5/5 1479/5/5 1478/5/5
f 1585/1/5 1478/1/5 1584/1/5
f 1586/1/5 1480/1/5 1479/1/5
f 1586/5/5 1479/5/5 1585/5/5
f 1587/5/5 1481/5/5 1480/5/5
f 1587/1/5 1480/1/5 1586/1/5
f 1588/1/5 1482/1/5 1481/1/5
f 1588/5/5 1481/5/5 1587/5/5
f 1589/5/5 1483/5/5 1482/5/5
f 1589/1/5 1482/1/5 1588/1/5
f 1590/1/5 1484/1/5 1483/1/5
f 1590/5/5 1483/5/5 1589/5/5
f 1591/5/5 1485/5/5 1484/5/5
f 1591/1/5 1484/1/5 1590/1/5
f 1592/1/5 1486/1/5 1485/1/5
f 1592/5/5 1485/5/5 1591/5/5
f 1593/5/5 1487/5/5 1486/5/5
f 1593/1/5 1486/1/5 1592/1/5
f 1594/1/5 1488/1/5 1487/1/5
f 1594/5/5 1487/5/5 1593/5/5
f 1595/5/5 1489/5/5 1488/5/5
f 1595/1/5 1488/1/5 1594/1/5
f 1596/3/5 1338/3/5 1489/3/5
f 1596/5/5 1489/5/5 1595/5/5
f 1597/3/5 1490/3/5 1381/3/5
f 1597/5/5 1491/5/5 1490/5/5
f 1598/1/5 1492/1/5 1491/1/5
f 1598/5/5 1491/5/5 1597/5/5
f 1599/5/5 1493/5/5 1492/5/5
f 1599/1/5 1492/1/5 1598/1/5
f 1600/1/5 1494/1/5 1493/1/5
f 1600/5/5 1493/5/5 1599/5/5
f 1601/5/5 1495/5/5 1494/5/5
f 1601/1/5 1494/1/5 1600/1/5
f 1602/1/5 1496/1/5 1495/1/5
f 1602/5/5 1495/5/5 1601/5/5
f 1603/5/5 1497/5/5 1496/5/5
f 1603/1/5 1496/1/5 1602/1/5
f 1604/1/5 1498/1/5 1497/1/5
f 1604/5/5 1497/5/5 1603/5/5
f 1605/5/5 1499/5/5 1498/5/5
f 1605/1/5 1498/1/5 1604/1/5
f 1606/1/5 1500/1/5 1499/1/5
f 1606/5/5 1499/5/5 1605/5/5
f 1607/5/5 1501/5/5 1500/5/5
f 1607/1/5 1500/1/5 1606/1/5
f 1608/1/5 1502/1/5 1501/1/5
f 1608/5/5 1501/5/5 1607/5/5
f 1609/5/5 1503/5/5 1502/5/5
f 1609/1/5 1502/1/5 1608/1/5
f 1610/1/5 1504/1/5 1503/1/5
f 1610/5/5 1503/5/5 1609/5/5
f 1611/5/5 1505/5/5 1504/5/5
f 1611/1/5 1504/1/5 1610/1/5
f 1612/1/5 1506/1/5 1505/1/5
f 1612/5/5 1505/5/5 1611/5/5
f 1613/5/5 1507/5/5 1506/5/5
f 1613/1/5 1506/1/5 1612/1/5
f 1614/1/5 1508/1/5 1507/1/5
f 1614/5/5 1507/5/5 1613/5/5
f 1615/5/5 1509/5/5 1508/5/5
f 1615/1/5 1508/1/5 1614/1/5
f 1616/1/5 1510/1/5 1509/1/5
f 1616/5/5 1509/5/5 1615/5/5
f 1617/5/5 1511/5/5 1510/5/5
f 1617/1/5 1510/1/5 1616/1/5
f 1618/1/5 1512/1/5 1511/1/5
f 1618/5/5 1511/5/5 1617/5/5
f 1619/5/5 1513/5/5 1512/5/5
f 1619/1/5 1512/1/5 1618/1/5
f 1620/1/5 1514/1/5 1513/1/5
f 1620/5/5 1513/5/5 1619/5/5
f 1621/5/5 1515/5/5 1514/5/5
f 1621/1/5 1514/1/5 1620/1/5
f 1622/1/5 1516/1/5 1515/1/5
f 1622/5/5 1515/5/5 1621/5/5
f 1623/5/5 1517/5/5 1516/5/5
f 1623/1/5 1516/1/5 1622/1/5
f 1624/1/5 1518/1/5 1517/1/5
f 1624/5/5 1517/5/5 1623/5/5
f 1625/5/5 1519/5/5 1518/5/5
f 1625/1/5 1518/1/5 1624/1/5
f 1626/1/5 1520/1/5 1519/1/5
f 1626/5/5 1519/5/5 1625/5/5
f 1627/5/5 1521/5/5 1520/5/5
f 1627/1/5 1520/1/5 1626/1/5
f 1628/1/5 1522/1/5 1521/1/5
f 1628/5/5 1521/5/5 1627/5/5
f 1629/5/5 1523/5/5 1522/5/5
f 1629/1/5 1522/1/5 1628/1/5
f 1630/1/5 1524/1/5 1523/1/5
f 1630/5/5 1523/5/5 1629/5/5
f 1631/5/5 1525/5/5 1524/5/5
f 1631/1/5 1524/1/5 1630/1/5
f 1632/1/5 1526/1/5 1525/1/5
f 1632/5/5 1525/5/5 1631/5/5
f 1633/5/5 1527/5/5 1526/5/5
f 1633/1/5 1526/1/5 1632/1/5
f 1634/1/5 1528/1/5 1527/1/5
f 1634/5/5 1527/5/5 1633/5/5
f 1635/5/5 1529/5/5 1528/5/5
f 1635/1/5 1528/1/5 1634/1/5
f 1636/1/5 1530/1/5 1529/1/5
f 1636/5/5 1529/5/5 1635/5/5
f 1637/5/5 1531/5/5 1530/5/5
f 1637/1/5 1530/1/5 1636/1/5
f 1638/1/5 1532/1/5 1531/1/5
f 1638/5/5 1531/5/5 1637/5/5
f 1639/5/5 1533/5/5 1532/5/5
f 1639/1/5 1532/1/5 1638/1/5
f 1640/1/5 1534/1/5 1533/1/5
f 1640/5/5 1533/5/5 1639/5/5
f 1641/5/5 1535/5/5 1534/5/5
f 1641/1/5 1534/1/5 1640/1/5
f 1642/1/5 1536/1/5 1535/1/5
f 1642/5/5 1535/5/5 1641/5/5
f 1643/5/5 1537/5/5 1536/5/5
f 1643/1/5 1536/1/5 1642/1/5
f 1644/1/5 1538/1/5 1537/1/5
f 1644/5/5 1537/5/5 1643/5/5
f 1645/5/5 1539/5/5 1538/5/5
f 1645/1/5 1538/1/5 1644/1/5
f 1646/1/5 1540/1/5 1539/1/5
f 1646/5/5 1539/5/5 1645/5/5
f 1647/5/5 1541/5/5 1540/5/5
f 1647/1/5 1540/1/5 1646/1/5
f 1648/1/5 1542/1/5 1541/1/5
f 1648/5/5 1541/5/5 1647/5/5
f 1649/5/5 1543/5/5 1542/5/5
f 1649/1/5 1542/1/5 1648/1/5
f 1650/1/5 1544/1/5 1543/1/5
f 1650/5/5 1543/5/5 1649/5/5
f 1651/5/5 1545/5/5 1544/5/5
f 1651/1/5 1544/1/5 1650/1/5
f 1652/1/5 1546/1/5 1545/1/5
f 1652/5/5 1545/5/5 1651/5/5
f 1653/5/5 1547/5/5 1546/5/5
f 1653/1/5 1546/1/5 1652/1/5
f 1654/1/5 1548/1/5 1547/1/5
f 1654/5/5 1547/5/5 1653/5/5
f 1655/5/5 1549/5/5 1548/5/5
f 1655/1/5 1548/1/5 1654/1/5
f 1656/1/5 1550/1/5 1549/1/5
f 1656/5/5 1549/5/5 1655/5/5
f 1657/5/5 1551/5/5 1550/5/5
f 1657/1/5 1550/1/5 1656/1/5
f 1658/1/5 1552/1/5 1551/1/5
f 1658/5/5 1551/5/5 1657/5/5
f 1659/5/5 1553/5/5 1552/5/5
f 1659/1/5 1552/1/5 1658/1/5
f 1660/1/5 1554/1/5 1553/1/5
f 1660/5/5 1553/5/5 1659/5/5
f 1661/5/5 1555/5/5 1554/5/5
f 1661/1/5 1554/1/5 1660/1/5
f 1662/1/5 1556/1/5 1555/1/5
f 1662/5/5 1555/5/5 1661/5/5
f 1663/5/5 1557/5/5 1556/5/5
f 1663/1/5 1556/1/5 1662/1/5
f 1664/1/5 1558/1/5 1557/1/5
f 1664/5/5 1557/5/5 1663/5/5
f 1665/5/5 1559/5/5 1558/5/5
f 1665/1/5 1558/1/5 1664/1/5
f 1666/1/5 1560/1/5 1559/1/5
f 1666/5/5 1559/5/5 1665/5/5
f 1667/5/5 1561/5/5 1560/5/5
f 1667/1/5 1560/1/5 1666/1/5
f 1668/1/5 1562/1/5 1561/1/5
f 1668/5/5 1561/5/5 1667/5/5
f 1669/5/5 1563/5/5 1562/5/5
f 1669/1/5 1562/1/5 1668/1/5
f 1670/1/5 1564/1/5 1563/1/5
f 1670/5/5 1563/5/5 1669/5/5
f 1671/5/5 1565/5/5 1564/5/5
f 1671/1/5 1564/1/5 1670/1/5
f 1672/1/5 1566/1/5 1565/1/5
f 1672/5/5 1565/5/5 1671/5/5
f 1673/5/5 1567/5/5 1566/5/5
f 1673/1/5 1566/1/5 1672/1/5
f 1674/1/5 1568/1/5 1567/1/5
f 1674/5/5 1567/5/5 1673/5/5
f 1675/5/5 1569/5/5 1568/5/5
f 1675/1/5 1568/1/5 1674/1/5
f 1676/1/5 1570/1/5 1569/1/5
f 1676/5/5 1569/5/5 1675/5/5
f 1677/5/5 1571/5/5 1570/5/5
f 1677/1/5 1570/1/5 1676/1/5
f 1678/1/5 1572/1/5 1571/1/5
f 1678/5/5 1571/5/5 1677/5/5
f 1679/5/5 1573/5/5 1572/5/5
f 1679/1/5 1572/1/5 1678/1/5
f 1680/1/5 1574/1/5 1573/1/5
f 1680/5/5 1573/5/5 1679/5/5
f 1681/5/5 1575/5/5 1574/5/5
f 1681/1/5 1574/1/5 1680/1/5
f 1682/1/5 1576/1/5 1575/1/5
f 1682/5/5 1575/5/5 1681/5/5
f 1683/5/5 1577/5/5 1576/5/5
f 1683/1/5 1576/1/5 1682/1/5
f 1684/1/5 1578/1/5 1577/1/5
f 1684/5/5 1577/5/5 1683/5/5
f 1685/5/5 1579/5/5 1578/5/5
f 1685/1/5 1578/1/5 1684/1/5
f 1686/1/5 1580/1/5 1579/1/5
f 1686/5/5 1579/5/5 1685/5/5
f 1687/5/5 1581/5/5 1580/5/5
f 1687/1/5 1580/1/5 1686/1/5
f 1688/1/5 1582/1/5 1581/1/5
f 1688/5/5 1581/5/5 1687/5/5
f 1689/5/5 1583/5/5 1582/5/5
f 1689/1/5 1582/1/5 1688/1/5
f 1690/1/5 1584/1/5 1583/1/5
f 1690/5/5 1583/5/5 1689/5/5
f 1691/5/5 1585/5/5 1584/5/5
f 1691/1/5 1584/1/5 1690/1/5
f 1692/1/5 1586/1/5 1585/1/5
f 1692/5/5 1585/5/5 1691/5/5
f 1693/5/5 1587/5/5 1586/5/5
f 1693/1/5 1586/1/5 1692/1/5
f 1694/1/5 1588/1/5 1587/1/5
f 1694/5/5 1587/5/5 1693/5/5
f 1695/5/5 1589/5/5 1588/5/5
f 1695/1/5 1588/1/5 1694/1/5
f 1696/1/5 1590/1/5 1589/1/5
f 1696/5/5 1589/5/5 1695/5/5
f 1697/5/5 1591/5/5 1590/5/5
f 1697/1/5 1590/1/5 1696/1/5
f 1698/1/5 1592/1/5 1591/1/5
f 1698/5/5 1591/5/5 1697/5/5
f 1699/5/5 1593/5/5 1592/5/5
f 1699/1/5 1592/1/5 1698/1/5
f 1700/1/5 1594/1/5 1593/1/5
f 1700/5/5 1593/5/5 1699/5/5
f 1701/5/5 1595/5/5 1594/5/5
f 1701/1/5 1594/1/5 1700/1/5
f 1702/1/5 1596/1/5 1595/1/5
f 1702/5/5 1595/5/5 1701/5/5
f 1703/3/5 1338/3/5 1596/3/5
f 1703/1/5 1596/1/5 1702/1/5
f 1704/3/5 1691/3/5 1690/3/5
f 1704/3/5 1692/3/5 1691/3/5
f 1704/3/5 1703/3/5 1702/3/5
f 1704/3/5 1698/3/5 1697/3/5
f 1704/3/5 1697/3/5 1696/3/5
f 1704/3/5 1696/3/5 1695/3/5
f 1704/3/5 1695/3/5 1694/3/5
f 1704/3/5 1689/3/5 1688/3/5
f 1704/3/5 1687/3/5 1686/3/5
f 1704/3/5 1686/3/5 1685/3/5
f 1704/3/5 1685/3/5 1684/3/5
f 1704/3/5 1684/3/5 1683/3/5
f 1704/3/5 1683/3/5 1682/3/5
f 1704/3/5 1682/3/5 1681/3/5
f 1704/3/5 1681/3/5 1680/3/5
f 1704/3/5 1680/3/5 1679/3/5
f 1704/3/5 1679/3/5 1678/3/5
f 1704/3/5 1678/3/5 1677/3/5
f 1704/3/5 1677/3/5 1676/3/5
f 1704/3/5 1676/3/5 1675/3/5
f 1704/3/5 1675/3/5 1674/3/5
f 1704/3/5 1674/3/5 1673/3/5
f 1704/3/5 1673/3/5 1672/3/5
f 1704/3/5 1672/3/5 1671/3/5
f 1704/3/5 1671/3/5 1670/3/5
f 1704/3/5 1670/3/5 1669/3/5
f 1704/3/5 1669/3/5 1668/3/5
f 1704/3/5 1668/3/5 1667/3/5
f 1704/3/5 1667/3/5 1666/3/5
f 1704/3/5 1666/3/5 1665/3/5
f 1704/3/5 1665/3/5 1664/3/5
f 1704/3/5 1664/3/5 1663/3/5
f 1704/3/5 1663/3/5 1662/3/5
f 1704/3/5 1662/3/5 1661/3/5
f 1704/3/5 1661/3/5 1660/3/5
f 1704/3/5 1660/3/5 1659/3/5
f 1704/3/5 1659/3/5 1658/3/5
f 1704/3/5 1658/3/5 1657/3/5
f 1704/3/5 1657/3/5 1656/3/5
f 1704/3/5 1656/3/5 1655/3/5
f 1704/3/5 1655/3/5 1654/3/5
f 1704/3/5 1654/3/5 1653/3/5
f 1704/3/5 1653/3/5 1652/3/5
f 1704/3/5 1652/3/5 1651/3/5
f 1704/3/5 1651/3/5 1650/3/5
f 1704/3/5 1650/3/5 1649/3/5
f 1704/3/5 1649/3/5 1648/3/5
f 1704/3/5 1648/3/5 1647/3/5
f 1704/3/5 1647/3/5 1646/3/5
f 1704/3/5 1646/3/5 1645/3/5
f 1704/3/5 1645/3/5 1644/3/5
f 1704/3/5 1644/3/5 1643/3/5
f 1704/3/5 1643/3/5 1642/3/5
f 1704/3/5 1642/3/5 1641/3/5
f 1704/3/5 1641/3/5 1640/3/5
f 1704/3/5 1640/3/5 1639/3/5
f 1704/3/5 1639/3/5 1638/3/5
f 1704/3/5 1638/3/5 1637/3/5
f 1704/3/5 1637/3/5 1636/3/5
f 1704/3/5 1636/3/5 1635/3/5
f 1704/3/5 1635/3/5 1634/3/5
f 1704/3/5 1634/3/5 1633/3/5
f 1704/3/5 1633/3/5 1632/3/5
f 1704/3/5 1632/3/5 1631/3/5
f 1704/3/5 1631/3/5 1630/3/5
f 1704/3/5 1630/3/5 1629/3/5
f 1704/3/5 1629/3/5 1628/3/5
f 1704/3/5 1628/3/5 1627/3/5
f 1704/3/5 1627/3/5 1626/3/5
f 1704/3/5 1626/3/5 1625/3/5
f 1704/3/5 1625/3/5 1624/3/5
f 1704/3/5 1624/3/5 1623/3/5
f 1704/3/5 1623/3/5 1622/3/5
f 1704/3/5 1622/3/5 1621/3/5
f 1704/3/5 1621/3/5 1620/3/5
f 1704/3/5 1620/3/5 1619/3/5
f 1704/3/5 1619/3/5 1618/3/5
f 1704/3/5 1618/3/5 1617/3/5
f 1704/3/5 1617/3/5 1616/3/5
f 1704/3/5 1616/3/5 1615/3/5
f 1704/3/5 1615/3/5 1614/3/5
f 1704/3/5 1614/3/5 1613/3/5
f 1704/3/5 1613/3/5 1612/3/5
f 1704/3/5 1612/3/5 1611/3/5
f 1704/3/5 1611/3/5 1610/3/5
f 1704/3/5 1610/3/5 1609/3/5
f 1704/3/5 1609/3/5 1608/3/5
f 1704/3/5 1608/3/5 1607/3/5
f 1704/3/5 1607/3/5 1606/3/5
f 1704/3/5 1606/3/5 1605/3/5
f 1704/3/5 1605/3/5 1604/3/5
f 1704/3/5 1604/3/5 1603/3/5
f 1704/3/5 1603/3/5 1602/3/5
f 1704/3/5 1602/3/5 1601/3/5
f 1704/3/5 1601/3/5 1600/3/5
f 1704/3/5 1600/3/5 1599/3/5
f 1704/3/5 1599/3/5 1598/3/5
f 1704/3/5 1598/3/5 1597/3/5
f 1704/3/5 1597/3/5 1381/3/5
f 1704/3/5 1701/3/5 1700/3/5
f 1704/3/5 1702/3/5 1701/3/5
f 1704/3/5 1699/3/5 1698/3/5
f 1704/3/5 1700/3/5 1699/3/5
f 1704/3/5 1693/3/5 1692/3/5
f 1704/3/5 1688/3/5 1687/3/5
f 1704/3/5 1690/3/5 1689/3/5
f 1704/3/5 1694/3/5 1693/3/5
f 1705/3/5 1703/3/5 1704/3/5
f 1706/3/5 1703/3/5 1705/3/5
f 1707/3/5 1703/3/5 1706/3/5
f 1708/3/5 1703/3/5 1707/3/5
f 1709/3/5 1338/3/5 1703/3/5
f 1709/3/5 1703/3/5 1708/3/5
f 1710/3/5 1708/3/5 1707/3/5
f 1711/3/5 1708/3/5 1710/3/5
f 1712/3/5 1708/3/5 1711/3/5
f 1713/3/5 1708/3/5 1712/3/5
f 1714/3/5 1708/3/5 1713/3/5
f 1715/3/5 1708/3/5 1714/3/5
f 1716/3/5 1708/3/5 1715/3/5
f 1717/3/5 1708/3/5 1716/3/5
f 1718/3/5 1712/3/5 1711/3/5
f 1719/3/5 1712/3/5 1718/3/5
f 1720/10/5 1713/10/5 1712/10/5
f 1720/3/5 1712/3/5 1719/3/5
f 1721/10/5 1713/10/5 1720/10/5
f 1722/3/5 1714/3/5 1713/3/5
f 1723/10/5 1715/10/5 1714/10/5
f 1723/3/5 1714/3/5 1722/3/5
f 1724/3/5 1716/3/5 1715/3/5
f 1725/3/5 1716/3/5 1724/3/5
f 1726/3/5 1720/3/5 1719/3/5
f 1726/3/5 1721/3/5 1720/3/5
f 1727/3/5 1721/3/5 1726/3/5
f 1728/10/5 1713/10/5 1721/10/5
f 1728/3/5 1721/3/5 1727/3/5
f 1729/10/5 1713/10/5 1728/10/5
f 1730/10/5 1715/10/5 1723/10/5
f 1730/10/5 1723/10/5 1722/10/5
f 1731/3/5 1724/3/5 1715/3/5
f 1731/10/5 1715/10/5 1730/10/5
f 1732/3/5 1724/3/5 1731/3/5
f 1733/3/5 1724/3/5 1732/3/5
f 1734/3/5 1729/3/5 1728/3/5
f 1734/3/5 1728/3/5 1727/3/5
f 1735/3/5 1729/3/5 1734/3/5
f 1736/10/5 1713/10/5 1729/10/5
f 1736/3/5 1729/3/5 1735/3/5
f 1737/10/5 1713/10/5 1736/10/5
f 1738/10/5 1730/10/5 1722/10/5
f 1739/3/5 1732/3/5 1731/3/5
f 1739/10/5 1730/10/5 1738/10/5
f 1739/3/5 1731/3/5 1730/3/5
f 1740/3/5 1732/3/5 1739/3/5
f 1741/3/5 1732/3/5 1740/3/5
f 1742/3/5 1737/3/5 1736/3/5
f 1742/3/5 1736/3/5 1735/3/5
f 1743/3/5 1737/3/5 1742/3/5
f 1744/10/5 1713/10/5 1737/10/5
f 1744/3/5 1737/3/5 1743/3/5
f 1745/10/5 1713/10/5 1744/10/5
f 1746/10/5 1738/10/5 1722/10/5
f 1747/3/5 1740/3/5 1739/3/5
f 1747/10/5 1738/10/5 1746/10/5
f 1747/3/5 1739/3/5 1738/3/5
f 1748/3/5 1740/3/5 1747/3/5
f 1749/3/5 1740/3/5 1748/3/5
f 1750/3/5 1745/3/5 1744/3/5
f 1750/3/5 1744/3/5 1743/3/5
f 1751/3/5 1745/3/5 1750/3/5
f 1752/10/5 1713/10/5 1745/10/5
f 1752/3/5 1745/3/5 1751/3/5
f 1753/10/5 1713/10/5 1752/10/5
f 1754/10/5 1713/10/5 1753/10/5
f 1755/3/5 1722/3/5 1713/3/5
f 1755/10/5 1713/10/5 1754/10/5
f 1756/10/5 1746/10/5 1722/10/5
f 1757/3/5 1748/3/5 1747/3/5
f 1757/10/5 1746/10/5 1756/10/5
f 1757/3/5 1747/3/5 1746/3/5
f 1758/3/5 1748/3/5 1757/3/5
f 1759/3/5 1748/3/5 1758/3/5
f 1760/3/5 1752/3/5 1751/3/5
f 1760/3/5 1753/3/5 1752/3/5
f 1761/3/5 1753/3/5 1760/3/5
f 1762/10/5 1754/10/5 1753/10/5
f 1762/3/5 1753/3/5 1761/3/5
f 1763/10/5 1754/10/5 1762/10/5
f 1764/3/5 1722/3/5 1755/3/5
f 1764/3/5 1755/3/5 1754/3/5
f 1765/10/5 1756/10/5 1722/10/5
f 1765/3/5 1722/3/5 1764/3/5
f 1766/10/5 1756/10/5 1765/10/5
f 1767/3/5 1758/3/5 1757/3/5
f 1767/10/5 1756/10/5 1766/10/5
f 1767/3/5 1757/3/5 1756/3/5
f 1768/3/5 1758/3/5 1767/3/5
f 1769/3/5 1758/3/5 1768/3/5
f 1770/3/5 1763/3/5 1762/3/5
f 1770/3/5 1762/3/5 1761/3/5
f 1771/3/5 1763/3/5 1770/3/5
f 1772/10/5 1754/10/5 1763/10/5
f 1772/3/5 1763/3/5 1771/3/5
f 1773/10/5 1754/10/5 1772/10/5
f 1774/10/5 1766/10/5 1765/10/5
f 1774/10/5 1765/10/5 1764/10/5
f 1775/3/5 1768/3/5 1767/3/5
f 1775/10/5 1766/10/5 1774/10/5
f 1775/3/5 1767/3/5 1766/3/5
f 1776/3/5 1768/3/5 1775/3/5
f 1777/3/5 1768/3/5 1776/3/5
f 1778/3/5 1773/3/5 1772/3/5
f 1778/3/5 1772/3/5 1771/3/5
f 1779/3/5 1773/3/5 1778/3/5
f 1780/10/5 1754/10/5 1773/10/5
f 1780/3/5 1773/3/5 1779/3/5
f 1781/10/5 1754/10/5 1780/10/5
f 1782/10/5 1774/10/5 1764/10/5
f 1783/3/5 1776/3/5 1775/3/5
f 1783/10/5 1774/10/5 1782/10/5
f 1783/3/5 1775/3/5 1774/3/5
f 1784/3/5 1776/3/5 1783/3/5
f 1785/3/5 1776/3/5 1784/3/5
f 1786/3/5 1781/3/5 1780/3/5
f 1786/3/5 1780/3/5 1779/3/5
f 1787/3/5 1781/3/5 1786/3/5
f 1788/10/5 1754/10/5 1781/10/5
f 1788/3/5 1781/3/5 1787/3/5
f 1789/3/5 1764/3/5 1754/3/5
f 1789/10/5 1754/10/5 1788/10/5
f 1790/10/5 1782/10/5 1764/10/5
f 1790/3/5 1764/3/5 1789/3/5
f 1791/3/5 1784/3/5 1783/3/5
f 1791/10/5 1782/10/5 1790/10/5
f 1791/3/5 1783/3/5 1782/3/5
f 1792/3/5 1784/3/5 1791/3/5
f 1793/3/5 1784/3/5 1792/3/5
f 1794/3/5 1788/3/5 1787/3/5
f 1794/3/5 1792/3/5 1791/3/5
f 1794/3/5 1791/3/5 1790/3/5
f 1794/3/5 1789/3/5 1788/3/5
f 1794/3/5 1790/3/5 1789/3/5
f 1795/3/5 1792/3/5 1794/3/5
f 1796/3/5 1792/3/5 1795/3/5
f 1797/3/5 1792/3/5 1796/3/5
f 1798/3/5 1796/3/5 1795/3/5
f 1799/3/5 1796/3/5 1798/3/5
f 1803/8/5 1801/8/5 1800/8/5
f 1804/8/5 1801/8/5 1803/8/5
f 1805/8/5 1803/8/5 1802/8/5
f 1806/8/5 1803/8/5 1805/8/5
f 1808/8/5 1807/8/5 1806/8/5
f 1809/8/5 1807/8/5 1808/8/5
f 1812/8/5 1811/8/5 1810/8/5
f 1813/8/5 1811/8/5 1812/8/5
f 1817/8/5 1815/8/5 1814/8/5
f 1818/8/5 1815/8/5 1817/8/5
f 1821/8/5 1817/8/5 1816/8/5
f 1822/8/5 1817/8/5 1821/8/5
f 1823/4/5 1820/4/5 1819/4/5
f 1824/4/5 1820/4/5 1823/4/5
f 1827/8/5 1826/8/5 1825/8/5
f 1828/8/5 1826/8/5 1827/8/5
f 1831/8/5 1830/8/5 1829/8/5
f 1832/8/5 1830/8/5 1831/8/5
f 1835/8/5 1834/8/5 1833/8/5
f 1836/8/5 1834/8/5 1835/8/5
f 1839/8/5 1838/8/5 1837/8/5
f 1840/8/5 1838/8/5 1839/8/5
f 1845/8/5 1842/8/5 1841/8/5
f 1846/8/5 1842/8/5 1845/8/5
f 1847/3/5 1844/3/5 1843/3/5
f 1848/3/5 1844/3/5 1847/3/5
f 1851/8/5 1850/8/5 1849/8/5
f 1852/8/5 1850/8/5 1851/8/5
f 1855/3/5 1854/3/5 1853/3/5
f 1856/3/5 1854/3/5 1855/3/5
f 1859/2/5 1858/2/5 1857/2/5
f 1860/2/5 1858/2/5 1859/2/5
f 1861/2/5 1858/2/5 1860/2/5
f 1862/2/5 1858/2/5 1861/2/5
f 1863/2/5 1861/2/5 1860/2/5
f 1864/2/5 1861/2/5 1863/2/5
f 1865/2/5 1861/2/5 1864/2/5
f 1866/2/5 1861/2/5 1865/2/5
f 1867/2/5 1865/2/5 1864/2/5
f 1868/2/5 1865/2/5 1867/2/5
f 1871/7/5 1870/7/5 1869/7/5
f 1872/7/5 1870/7/5 1871/7/5
f 1875/8/5 1874/8/5 1873/8/5
f 1877/8/5 1875/8/5 1873/8/5
f 1877/8/5 1876/8/5 1875/8/5
f 1878/8/5 1876/8/5 1877/8/5
f 1879/8/5 1877/8/5 1873/8/5
f 1881/8/5 1879/8/5 1873/8/5
f 1881/8/5 1880/8/5 1879/8/5
f 1882/8/5 1880/8/5 1881/8/5
f 1883/8/5 1881/8/5 1873/8/5
f 1884/8/5 1881/8/5 1883/8/5
f 1887/8/5 1886/8/5 1885/8/5
f 1888/8/5 1886/8/5 1887/8/5
f 1892/8/5 1890/8/5 1889/8/5
f 1893/8/5 1890/8/5 1892/8/5
f 1894/8/5 1892/8/5 1891/8/5
f 1895/8/5 1892/8/5 1894/8/5
f 1898/8/5 1897/8/5 1896/8/5
f 1899/8/5 1897/8/5 1898/8/5
f 1902/8/5 1901/8/5 1900/8/5
f 1903/8/5 1901/8/5 1902/8/5
f 1906/8/5 1905/8/5 1904/8/5
f 1907/8/5 1905/8/5 1906/8/5
f 1910/8/5 1909/8/5 1908/8/5
f 1911/8/5 1909/8/5 1910/8/5
f 1914/8/5 1913/8/5 1912/8/5
f 1915/8/5 1913/8/5 1914/8/5
f 1919/3/5 1917/3/5 1916/3/5
f 1920/3/5 1919/3/5 1918/3/5
f 1921/3/5 1917/3/5 1919/3/5
f 1921/3/5 1919/3/5 1920/3/5
f 1924/4/5 1923/4/5 1922/4/5
f 1925/4/5 1923/4/5 1924/4/5
f 1926/4/6 1927/4/6 1928/4/6
f 1928/4/6 1927/4/6 1929/4/6
f 1930/3/6 1931/3/6 1933/3/6
f 1932/3/6 1933/3/6 1934/3/6
f 1933/3/6 1931/3/6 1935/3/6
f 1934/3/6 1933/3/6 1935/3/6
f 1936/8/6 1937/8/6 1938/8/6
f 1938/8/6 1937/8/6 1939/8/6
f 1940/8/6 1941/8/6 1942/8/6
f 1942/8/6 1941/8/6 1943/8/6
f 1944/8/6 1945/8/6 1946/8/6
f 1946/8/6 1945/8/6 1947/8/6
f 1948/8/6 1949/8/6 1950/8/6
f 1950/8/6 1949/8/6 1951/8/6
f 1952/8/6 1953/8/6 1954/8/6
f 1954/8/6 1953/8/6 1955/8/6
f 1956/8/6 1957/8/6 1958/8/6
f 1958/8/6 1957/8/6 1959/8/6
f 1960/8/6 1961/8/6 1963/8/6
f 1963/8/6 1961/8/6 1964/8/6
f 1962/8/6 1963/8/6 1965/8/6
f 1965/8/6 1963/8/6 1966/8/6
f 1967/8/6 1968/8/6 1969/8/6
f 1967/8/6 1969/8/6 1971/8/6
f 1969/8/6 1970/8/6 1971/8/6
f 1971/8/6 1970/8/6 1972/8/6
f 1967/8/6 1971/8/6 1973/8/6
f 1967/8/6 1973/8/6 1975/8/6
f 1973/8/6 1974/8/6 1975/8/6
f 1975/8/6 1974/8/6 1976/8/6
f 1967/8/6 1975/8/6 1977/8/6
f 1977/8/6 1975/8/6 1978/8/6
f 1979/7/6 1980/7/6 1981/7/6
f 1981/7/6 1980/7/6 1982/7/6
f 1983/2/6 1984/2/6 1985/2/6
f 1985/2/6 1984/2/6 1986/2/6
f 1986/2/6 1984/2/6 1987/2/6
f 1987/2/6 1984/2/6 1988/2/6
f 1986/2/6 1987/2/6 1989/2/6
f 1989/2/6 1987/2/6 1990/2/6
f 1990/2/6 1987/2/6 1991/2/6
f 1991/2/6 1987/2/6 1992/2/6
f 1990/2/6 1991/2/6 1993/2/6
f 1993/2/6 1991/2/6 1994/2/6
f 1995/3/6 1996/3/6 1997/3/6
f 1997/3/6 1996/3/6 1998/3/6
f 1999/8/6 2000/8/6 2001/8/6
f 2001/8/6 2000/8/6 2002/8/6
f 2003/8/6 2004/8/6 2005/8/6
f 2005/8/6 2004/8/6 2006/8/6
f 2007/8/6 2008/8/6 2009/8/6
f 2009/8/6 2008/8/6 2010/8/6
f 2011/8/6 2012/8/6 2015/8/6
f 2015/8/6 2012/8/6 2016/8/6
f 2013/3/6 2014/3/6 2017/3/6
f 2017/3/6 2014/3/6 2018/3/6
f 2019/8/6 2020/8/6 2021/8/6
f 2021/8/6 2020/8/6 2022/8/6
f 2023/8/6 2024/8/6 2025/8/6
f 2025/8/6 2024/8/6 2026/8/6
f 2027/8/6 2028/8/6 2030/8/6
f 2030/8/6 2028/8/6 2031/8/6
f 2029/8/6 2030/8/6 2032/8/6
f 2032/8/6 2030/8/6 2033/8/6
f 2033/8/6 2034/8/6 2035/8/6
f 2035/8/6 2034/8/6 2036/8/6
f 2037/8/6 2038/8/6 2039/8/6
f 2039/8/6 2038/8/6 2040/8/6
f 2041/8/6 2042/8/6 2044/8/6
f 2044/8/6 2042/8/6 2045/8/6
f 2043/8/6 2044/8/6 2048/8/6
f 2048/8/6 2044/8/6 2049/8/6
f 2046/4/6 2047/4/6 2050/4/6
f 2050/4/6 2047/4/6 2051/4/6
f 2052/5/6 2053/5/6 2057/5/6
f 2057/5/6 2053/5/6 2058/5/6
f 2054/5/6 2055/5/6 2061/5/6
f 2061/5/6 2055/5/6 2062/5/6
f 2058/5/6 2059/5/6 2065/5/6
f 2056/5/6 2057/5/6 2065/5/6
f 2057/5/6 2058/5/6 2065/5/6
f 2065/5/6 2059/5/6 2066/5/6
f 2062/5/6 2063/5/6 2069/5/6
f 2061/5/6 2062/5/6 2069/5/6
f 2060/5/6 2061/5/6 2069/5/6
f 2069/5/6 2063/5/6 2070/5/6
f 2066/5/6 2067/5/6 2073/5/6
f 2065/5/6 2066/5/6 2073/5/6
f 2064/5/6 2065/5/6 2073/5/6
f 2073/5/6 2067/5/6 2074/5/6
f 2070/5/6 2071/5/6 2077/5/6
f 2069/5/6 2070/5/6 2077/5/6
f 2068/5/6 2069/5/6 2077/5/6
f 2077/5/6 2071/5/6 2078/5/6
f 2074/5/6 2075/5/6 2084/5/6
f 2073/5/6 2074/5/6 2084/5/6
f 2072/5/6 2073/5/6 2084/5/6
f 2084/5/6 2075/5/6 2085/5/6
f 2080/8/6 2081/8/6 2088/8/6
f 2078/5/6 2079/5/6 2092/5/6
f 2076/5/6 2077/5/6 2092/5/6
f 2077/5/6 2078/5/6 2092/5/6
f 2092/5/6 2079/5/6 2093/5/6
f 2087/8/6 2088/8/6 2097/8/6
f 2088/8/6 2081/8/6 2097/8/6
f 2082/3/6 2083/3/6 2098/3/6
f 2089/3/6 2090/3/6 2100/3/6
f 2100/3/6 2090/3/6 2101/3/6
f 2093/5/6 2094/5/6 2102/5/6
f 2091/5/6 2092/5/6 2102/5/6
f 2092/5/6 2093/5/6 2102/5/6
f 2102/5/6 2094/5/6 2103/5/6
f 2095/3/6 2096/3/6 2104/3/6
f 2104/3/6 2096/3/6 2105/3/6
f 2087/8/6 2097/8/6 2109/8/6
f 2097/8/6 2098/8/6 2109/8/6
f 2109/8/6 2098/8/6 2110/8/6
f 2110/8/6 2098/8/6 2111/8/6
f 2098/3/6 2083/3/6 2112/3/6
f 2111/8/6 2098/8/6 2112/8/6
f 2105/3/6 2106/3/6 2113/3/6
f 2103/3/6 2104/3/6 2113/3/6
f 2104/3/6 2105/3/6 2113/3/6
f 2107/8/6 2108/8/6 2114/8/6
f 2114/8/6 2108/8/6 2115/8/6
f 2110/8/6 2111/8/6 2117/8/6
f 2117/8/6 2111/8/6 2118/8/6
f 2112/3/6 2083/3/6 2119/3/6
f 2085/5/6 2086/5/6 2120/5/6
f 2083/5/6 2084/5/6 2120/5/6
f 2084/5/6 2085/5/6 2120/5/6
f 2100/3/6 2101/3/6 2121/3/6
f 2099/3/6 2100/3/6 2121/3/6
f 2101/3/6 2102/3/6 2121/3/6
f 2103/3/6 2113/3/6 2122/3/6
f 2115/8/6 2116/8/6 2123/8/6
f 2122/3/6 2113/3/6 2123/3/6
f 2114/8/6 2115/8/6 2123/8/6
f 2113/8/6 2114/8/6 2123/8/6
f 2118/3/6 2119/3/6 2125/3/6
f 2117/3/6 2118/3/6 2125/3/6
f 2123/8/6 2116/8/6 2126/8/6
f 2126/8/6 2116/8/6 2127/8/6
f 2127/8/6 2116/8/6 2128/8/6
f 2128/8/6 2116/8/6 2129/8/6
f 2124/3/6 2125/3/6 2130/3/6
f 2083/5/6 2120/5/6 2130/5/6
f 2119/3/6 2083/3/6 2130/3/6
f 2125/3/6 2119/3/6 2130/3/6
f 2130/5/6 2120/5/6 2131/5/6
f 2131/5/6 2120/5/6 2132/5/6
f 2120/3/6 2121/3/6 2133/3/6
f 2132/5/6 2120/5/6 2133/5/6
f 2103/3/6 2122/3/6 2134/3/6
f 2127/8/6 2128/8/6 2135/8/6
f 2135/8/6 2128/8/6 2136/8/6
f 2124/3/6 2130/3/6 2138/3/6
f 2138/3/6 2130/3/6 2139/3/6
f 2131/5/6 2132/5/6 2140/5/6
f 2102/5/6 2103/5/6 2141/5/6
f 2133/3/6 2121/3/6 2141/3/6
f 2121/3/6 2102/3/6 2141/3/6
f 2132/3/6 2133/3/6 2141/3/6
f 2141/5/6 2103/5/6 2142/5/6
f 2142/5/6 2103/5/6 2143/5/6
f 2103/3/6 2134/3/6 2144/3/6
f 2143/5/6 2103/5/6 2144/5/6
f 2135/3/6 2136/3/6 2144/3/6
f 2134/3/6 2135/3/6 2144/3/6
f 2137/8/6 2138/8/6 2145/8/6
f 2138/3/6 2139/3/6 2146/3/6
f 2145/8/6 2138/8/6 2146/8/6
f 2139/3/6 2140/3/6 2146/3/6
f 2140/5/6 2132/5/6 2147/5/6
f 2146/3/6 2140/3/6 2147/3/6
f 2147/5/6 2132/5/6 2148/5/6
f 2148/5/6 2132/5/6 2149/5/6
f 2141/3/6 2142/3/6 2150/3/6
f 2149/5/6 2132/5/6 2150/5/6
f 2132/3/6 2141/3/6 2150/3/6
f 2142/5/6 2143/5/6 2151/5/6
f 2150/3/6 2142/3/6 2151/3/6
f 2151/5/6 2143/5/6 2152/5/6
f 2152/5/6 2143/5/6 2153/5/6
f 2143/3/6 2144/3/6 2154/3/6
f 2153/5/6 2143/5/6 2154/5/6
f 2148/5/6 2149/5/6 2155/5/6
f 2147/3/6 2148/3/6 2155/3/6
f 2146/3/6 2147/3/6 2155/3/6
f 2155/5/6 2149/5/6 2156/5/6
f 2156/5/6 2149/5/6 2157/5/6
f 2149/3/6 2150/3/6 2158/3/6
f 2157/5/6 2149/5/6 2158/5/6
f 2151/3/6 2152/3/6 2158/3/6
f 2150/3/6 2151/3/6 2158/3/6
f 2152/5/6 2153/5/6 2159/5/6
f 2158/3/6 2152/3/6 2159/3/6
f 2159/5/6 2153/5/6 2160/5/6
f 2160/5/6 2153/5/6 2161/5/6
f 2153/3/6 2154/3/6 2162/3/6
f 2161/5/6 2153/5/6 2162/5/6
f 2156/5/6 2157/5/6 2163/5/6
f 2155/3/6 2156/3/6 2163/3/6
f 2163/5/6 2157/5/6 2164/5/6
f 2164/5/6 2157/5/6 2165/5/6
f 2157/3/6 2158/3/6 2166/3/6
f 2165/5/6 2157/5/6 2166/5/6
f 2158/3/6 2159/3/6 2166/3/6
f 2159/3/6 2160/3/6 2166/3/6
f 2160/5/6 2161/5/6 2167/5/6
f 2166/3/6 2160/3/6 2167/3/6
f 2167/5/6 2161/5/6 2168/5/6
f 2168/5/6 2161/5/6 2169/5/6
f 2161/3/6 2162/3/6 2170/3/6
f 2169/5/6 2161/5/6 2170/5/6
f 2164/5/6 2165/5/6 2171/5/6
f 2163/3/6 2164/3/6 2171/3/6
f 2165/3/6 2166/3/6 2172/3/6
f 2171/5/6 2165/5/6 2172/5/6
f 2166/3/6 2167/3/6 2172/3/6
f 2167/3/6 2168/3/6 2172/3/6
f 2168/5/6 2169/5/6 2173/5/6
f 2172/3/6 2168/3/6 2173/3/6
f 2173/5/6 2169/5/6 2174/5/6
f 2174/5/6 2169/5/6 2175/5/6
f 2169/3/6 2170/3/6 2176/3/6
f 2175/5/6 2169/5/6 2176/5/6
f 2171/3/6 2172/3/6 2177/3/6
f 2174/5/6 2175/5/6 2177/5/6
f 2172/3/6 2173/3/6 2177/3/6
f 2173/3/6 2174/3/6 2177/3/6
f 2175/3/6 2176/3/6 2178/3/6
f 2177/5/6 2175/5/6 2178/5/6
f 2163/3/6 2171/3/6 2180/3/6
f 2146/3/6 2155/3/6 2180/3/6
f 2177/3/6 2178/3/6 2180/3/6
f 2155/3/6 2163/3/6 2180/3/6
f 2171/3/6 2177/3/6 2180/3/6
f 2180/3/6 2178/3/6 2181/3/6
f 2179/3/6 2180/3/6 2181/3/6
f 2181/3/6 2178/3/6 2182/3/6
f 2182/3/6 2178/3/6 2183/3/6
f 2183/3/6 2178/3/6 2184/3/6
f 2184/3/6 2178/3/6 2185/3/6
f 2185/3/6 2178/3/6 2186/3/6
f 2186/3/6 2178/3/6 2187/3/6
f 2187/3/6 2178/3/6 2188/3/6
f 2188/3/6 2178/3/6 2189/3/6
f 2189/3/6 2178/3/6 2190/3/6
f 2190/3/6 2178/3/6 2191/3/6
f 2191/3/6 2178/3/6 2192/3/6
f 2192/3/6 2178/3/6 2193/3/6
f 2193/3/6 2178/3/6 2194/3/6
f 2194/3/6 2178/3/6 2195/3/6
f 2195/3/6 2178/3/6 2196/3/6
f 2196/3/6 2178/3/6 2197/3/6
f 2197/3/6 2178/3/6 2198/3/6
f 2198/3/6 2178/3/6 2199/3/6
f 2199/3/6 2178/3/6 2200/3/6
f 2200/3/6 2178/3/6 2201/3/6
f 2201/3/6 2178/3/6 2202/3/6
f 2202/3/6 2178/3/6 2203/3/6
f 2203/3/6 2178/3/6 2204/3/6
f 2204/3/6 2178/3/6 2205/3/6
f 2205/3/6 2178/3/6 2206/3/6
f 2206/3/6 2178/3/6 2207/3/6
f 2207/3/6 2178/3/6 2208/3/6
f 2208/3/6 2178/3/6 2209/3/6
f 2209/3/6 2178/3/6 2210/3/6
f 2210/3/6 2178/3/6 2211/3/6
f 2211/3/6 2178/3/6 2212/3/6
f 2212/3/6 2178/3/6 2213/3/6
f 2213/3/6 2178/3/6 2214/3/6
f 2214/3/6 2178/3/6 2215/3/6
f 2215/3/6 2178/3/6 2216/3/6
f 2216/3/6 2178/3/6 2217/3/6
f 2217/3/6 2178/3/6 2218/3/6
f 2218/3/6 2178/3/6 2219/3/6
f 2219/3/6 2178/3/6 2220/3/6
f 2220/3/6 2178/3/6 2221/3/6
f 2221/3/6 2178/3/6 2222/3/6
f 2222/3/6 2178/3/6 2223/3/6
f 2223/3/6 2178/3/6 2224/3/6
f 2224/3/6 2178/3/6 2225/3/6
f 2225/3/6 2178/3/6 2226/3/6
f 2226/3/6 2178/3/6 2227/3/6
f 2227/3/6 2178/3/6 2228/3/6
f 2228/3/6 2178/3/6 2229/3/6
f 2229/3/6 2178/3/6 2230/3/6
f 2230/3/6 2178/3/6 2231/3/6
f 2231/3/6 2178/3/6 2232/3/6
f 2232/3/6 2178/3/6 2233/3/6
f 2233/3/6 2178/3/6 2234/3/6
f 2234/3/6 2178/3/6 2235/3/6
f 2235/3/6 2178/3/6 2236/3/6
f 2236/3/6 2178/3/6 2237/3/6
f 2237/3/6 2178/3/6 2238/3/6
f 2238/3/6 2178/3/6 2239/3/6
f 2239/3/6 2178/3/6 2240/3/6
f 2240/3/6 2178/3/6 2241/3/6
f 2241/3/6 2178/3/6 2242/3/6
f 2242/3/6 2178/3/6 2243/3/6
f 2243/3/6 2178/3/6 2244/3/6
f 2244/3/6 2178/3/6 2245/3/6
f 2245/3/6 2178/3/6 2246/3/6
f 2246/3/6 2178/3/6 2247/3/6
f 2247/3/6 2178/3/6 2248/3/6
f 2248/3/6 2178/3/6 2249/3/6
f 2249/3/6 2178/3/6 2250/3/6
f 2250/3/6 2178/3/6 2251/3/6
f 2251/3/6 2178/3/6 2252/3/6
f 2252/3/6 2178/3/6 2253/3/6
f 2253/3/6 2178/3/6 2254/3/6
f 2254/3/6 2178/3/6 2255/3/6
f 2255/3/6 2178/3/6 2256/3/6
f 2256/3/6 2178/3/6 2257/3/6
f 2257/3/6 2178/3/6 2258/3/6
f 2258/3/6 2178/3/6 2259/3/6
f 2259/3/6 2178/3/6 2260/3/6
f 2260/3/6 2178/3/6 2261/3/6
f 2261/3/6 2178/3/6 2262/3/6
f 2262/3/6 2178/3/6 2263/3/6
f 2263/3/6 2178/3/6 2264/3/6
f 2264/3/6 2178/3/6 2265/3/6
f 2265/3/6 2178/3/6 2266/3/6
f 2266/3/6 2178/3/6 2267/3/6
f 2267/3/6 2178/3/6 2268/3/6
f 2268/3/6 2178/3/6 2269/3/6
f 2269/3/6 2178/3/6 2270/3/6
f 2270/3/6 2178/3/6 2271/3/6
f 2271/3/6 2178/3/6 2272/3/6
f 2272/3/6 2178/3/6 2273/3/6
f 2273/3/6 2178/3/6 2274/3/6
f 2274/3/6 2178/3/6 2275/3/6
f 2275/3/6 2178/3/6 2276/3/6
f 2178/3/6 2176/3/6 2277/3/6
f 2276/3/6 2178/3/6 2277/3/6
f 2277/3/6 2176/3/6 2278/3/6
f 2176/3/6 2170/3/6 2279/3/6
f 2278/3/6 2176/3/6 2279/3/6
f 2170/3/6 2162/3/6 2280/3/6
f 2279/3/6 2170/3/6 2280/3/6
f 2162/3/6 2154/3/6 2281/3/6
f 2280/3/6 2162/3/6 2281/3/6
f 2154/3/6 2144/3/6 2282/3/6
f 2281/3/6 2154/3/6 2282/3/6
f 2144/3/6 2136/3/6 2283/3/6
f 2282/3/6 2144/3/6 2283/3/6
f 2283/3/6 2136/3/6 2284/3/6
f 2284/3/6 2136/3/6 2285/3/6
f 2285/3/6 2136/3/6 2286/3/6
f 2286/3/6 2136/3/6 2287/3/6
f 2179/3/6 2181/3/6 2288/3/6
f 2181/1/6 2182/1/6 2288/1/6
f 2182/5/6 2183/5/6 2289/5/6
f 2288/1/6 2182/1/6 2289/1/6
f 2183/1/6 2184/1/6 2290/1/6
f 2289/5/6 2183/5/6 2290/5/6
f 2184/5/6 2185/5/6 2291/5/6
f 2290/1/6 2184/1/6 2291/1/6
f 2185/1/6 2186/1/6 2292/1/6
f 2291/5/6 2185/5/6 2292/5/6
f 2186/5/6 2187/5/6 2293/5/6
f 2292/1/6 2186/1/6 2293/1/6
f 2187/1/6 2188/1/6 2294/1/6
f 2293/5/6 2187/5/6 2294/5/6
f 2188/5/6 2189/5/6 2295/5/6
f 2294/1/6 2188/1/6 2295/1/6
f 2189/1/6 2190/1/6 2296/1/6
f 2295/5/6 2189/5/6 2296/5/6
f 2190/5/6 2191/5/6 2297/5/6
f 2296/1/6 2190/1/6 2297/1/6
f 2191/1/6 2192/1/6 2298/1/6
f 2297/5/6 2191/5/6 2298/5/6
f 2192/5/6 2193/5/6 2299/5/6
f 2298/1/6 2192/1/6 2299/1/6
f 2193/1/6 2194/1/6 2300/1/6
f 2299/5/6 2193/5/6 2300/5/6
f 2194/5/6 2195/5/6 2301/5/6
f 2300/1/6 2194/1/6 2301/1/6
f 2195/1/6 2196/1/6 2302/1/6
f 2301/5/6 2195/5/6 2302/5/6
f 2196/5/6 2197/5/6 2303/5/6
f 2302/1/6 2196/1/6 2303/1/6
f 2197/1/6 2198/1/6 2304/1/6
f 2303/5/6 2197/5/6 2304/5/6
f 2198/5/6 2199/5/6 2305/5/6
f 2304/1/6 2198/1/6 2305/1/6
f 2199/1/6 2200/1/6 2306/1/6
f 2305/5/6 2199/5/6 2306/5/6
f 2200/5/6 2201/5/6 2307/5/6
f 2306/1/6 2200/1/6 2307/1/6
f 2201/1/6 2202/1/6 2308/1/6
f 2307/5/6 2201/5/6 2308/5/6
f 2202/5/6 2203/5/6 2309/5/6
f 2308/1/6 2202/1/6 2309/1/6
f 2203/1/6 2204/1/6 2310/1/6
f 2309/5/6 2203/5/6 2310/5/6
f 2204/5/6 2205/5/6 2311/5/6
f 2310/1/6 2204/1/6 2311/1/6
f 2205/1/6 2206/1/6 2312/1/6
f 2311/5/6 2205/5/6 2312/5/6
f 2206/5/6 2207/5/6 2313/5/6
f 2312/1/6 2206/1/6 2313/1/6
f 2207/1/6 2208/1/6 2314/1/6
f 2313/5/6 2207/5/6 2314/5/6
f 2208/5/6 2209/5/6 2315/5/6
f 2314/1/6 2208/1/6 2315/1/6
f 2209/1/6 2210/1/6 2316/1/6
f 2315/5/6 2209/5/6 2316/5/6
f 2210/5/6 2211/5/6 2317/5/6
f 2316/1/6 2210/1/6 2317/1/6
f 2211/1/6 2212/1/6 2318/1/6
f 2317/5/6 2211/5/6 2318/5/6
f 2212/5/6 2213/5/6 2319/5/6
f 2318/1/6 2212/1/6 2319/1/6
f 2213/1/6 2214/1/6 2320/1/6
f 2319/5/6 2213/5/6 2320/5/6
f 2214/5/6 2215/5/6 2321/5/6
f 2320/1/6 2214/1/6 2321/1/6
f 2215/1/6 2216/1/6 2322/1/6
f 2321/5/6 2215/5/6 2322/5/6
f 2216/5/6 2217/5/6 2323/5/6
f 2322/1/6 2216/1/6 2323/1/6
f 2217/1/6 2218/1/6 2324/1/6
f 2323/5/6 2217/5/6 2324/5/6
f 2218/5/6 2219/5/6 2325/5/6
f 2324/1/6 2218/1/6 2325/1/6
f 2219/1/6 2220/1/6 2326/1/6
f 2325/5/6 2219/5/6 2326/5/6
f 2220/5/6 2221/5/6 2327/5/6
f 2326/1/6 2220/1/6 2327/1/6
f 2221/1/6 2222/1/6 2328/1/6
f 2327/5/6 2221/5/6 2328/5/6
f 2222/5/6 2223/5/6 2329/5/6
f 2328/1/6 2222/1/6 2329/1/6
f 2223/1/6 2224/1/6 2330/1/6
f 2329/5/6 2223/5/6 2330/5/6
f 2224/5/6 2225/5/6 2331/5/6
f 2330/1/6 2224/1/6 2331/1/6
f 2225/1/6 2226/1/6 2332/1/6
f 2331/5/6 2225/5/6 2332/5/6
f 2226/5/6 2227/5/6 2333/5/6
f 2332/1/6 2226/1/6 2333/1/6
f 2227/1/6 2228/1/6 2334/1/6
f 2333/5/6 2227/5/6 2334/5/6
f 2228/5/6 2229/5/6 2335/5/6
f 2334/1/6 2228/1/6 2335/1/6
f 2229/1/6 2230/1/6 2336/1/6
f 2335/5/6 2229/5/6 2336/5/6
f 2230/5/6 2231/5/6 2337/5/6
f 2336/1/6 2230/1/6 2337/1/6
f 2231/1/6 2232/1/6 2338/1/6
f 2337/5/6 2231/5/6 2338/5/6
f 2232/5/6 2233/5/6 2339/5/6
f 2338/1/6 2232/1/6 2339/1/6
f 2233/1/6 2234/1/6 2340/1/6
f 2339/5/6 2233/5/6 2340/5/6
f 2234/5/6 2235/5/6 2341/5/6
f 2340/1/6 2234/1/6 2341/1/6
f 2235/1/6 2236/1/6 2342/1/6
f 2341/5/6 2235/5/6 2342/5/6
f 2236/5/6 2237/5/6 2343/5/6
f 2342/1/6 2236/1/6 2343/1/6
f 2237/1/6 2238/1/6 2344/1/6
f 2343/5/6 2237/5/6 2344/5/6
f 2238/5/6 2239/5/6 2345/5/6
f 2344/1/6 2238/1/6 2345/1/6
f 2239/1/6 2240/1/6 2346/1/6
f 2345/5/6 2239/5/6 2346/5/6
f 2240/5/6 2241/5/6 2347/5/6
f 2346/1/6 2240/1/6 2347/1/6
f 2241/1/6 2242/1/6 2348/1/6
f 2347/5/6 2241/5/6 2348/5/6
f 2242/5/6 2243/5/6 2349/5/6
f 2348/1/6 2242/1/6 2349/1/6
f 2243/1/6 2244/1/6 2350/1/6
f 2349/5/6 2243/5/6 2350/5/6
f 2244/5/6 2245/5/6 2351/5/6
f 2350/1/6 2244/1/6 2351/1/6
f 2245/1/6 2246/1/6 2352/1/6
f 2351/5/6 2245/5/6 2352/5/6
f 2246/5/6 2247/5/6 2353/5/6
f 2352/1/6 2246/1/6 2353/1/6
f 2247/1/6 2248/1/6 2354/1/6
f 2353/5/6 2247/5/6 2354/5/6
f 2248/5/6 2249/5/6 2355/5/6
f 2354/1/6 2248/1/6 2355/1/6
f 2249/1/6 2250/1/6 2356/1/6
f 2355/5/6 2249/5/6 2356/5/6
f 2250/5/6 2251/5/6 2357/5/6
f 2356/1/6 2250/1/6 2357/1/6
f 2251/1/6 2252/1/6 2358/1/6
f 2357/5/6 2251/5/6 2358/5/6
f 2252/5/6 2253/5/6 2359/5/6
f 2358/1/6 2252/1/6 2359/1/6
f 2253/1/6 2254/1/6 2360/1/6
f 2359/5/6 2253/5/6 2360/5/6
f 2254/5/6 2255/5/6 2361/5/6
f 2360/1/6 2254/1/6 2361/1/6
f 2255/1/6 2256/1/6 2362/1/6
f 2361/5/6 2255/5/6 2362/5/6
f 2256/5/6 2257/5/6 2363/5/6
f 2362/1/6 2256/1/6 2363/1/6
f 2257/1/6 2258/1/6 2364/1/6
f 2363/5/6 2257/5/6 2364/5/6
f 2258/5/6 2259/5/6 2365/5/6
f 2364/1/6 2258/1/6 2365/1/6
f 2259/1/6 2260/1/6 2366/1/6
f 2365/5/6 2259/5/6 2366/5/6
f 2260/5/6 2261/5/6 2367/5/6
f 2366/1/6 2260/1/6 2367/1/6
f 2261/1/6 2262/1/6 2368/1/6
f 2367/5/6 2261/5/6 2368/5/6
f 2262/5/6 2263/5/6 2369/5/6
f 2368/1/6 2262/1/6 2369/1/6
f 2263/1/6 2264/1/6 2370/1/6
f 2369/5/6 2263/5/6 2370/5/6
f 2264/5/6 2265/5/6 2371/5/6
f 2370/1/6 2264/1/6 2371/1/6
f 2265/1/6 2266/1/6 2372/1/6
f 2371/5/6 2265/5/6 2372/5/6
f 2266/5/6 2267/5/6 2373/5/6
f 2372/1/6 2266/1/6 2373/1/6
f 2267/1/6 2268/1/6 2374/1/6
f 2373/5/6 2267/5/6 2374/5/6
f 2268/5/6 2269/5/6 2375/5/6
f 2374/1/6 2268/1/6 2375/1/6
f 2269/1/6 2270/1/6 2376/1/6
f 2375/5/6 2269/5/6 2376/5/6
f 2270/5/6 2271/5/6 2377/5/6
f 2376/1/6 2270/1/6 2377/1/6
f 2271/1/6 2272/1/6 2378/1/6
f 2377/5/6 2271/5/6 2378/5/6
f 2272/5/6 2273/5/6 2379/5/6
f 2378/1/6 2272/1/6 2379/1/6
f 2273/1/6 2274/1/6 2380/1/6
f 2379/5/6 2273/5/6 2380/5/6
f 2274/5/6 2275/5/6 2381/5/6
f 2380/1/6 2274/1/6 2381/1/6
f 2275/1/6 2276/1/6 2382/1/6
f 2381/5/6 2275/5/6 2382/5/6
f 2276/5/6 2277/5/6 2383/5/6
f 2382/1/6 2276/1/6 2383/1/6
f 2277/1/6 2278/1/6 2384/1/6
f 2383/5/6 2277/5/6 2384/5/6
f 2278/5/6 2279/5/6 2385/5/6
f 2384/1/6 2278/1/6 2385/1/6
f 2279/1/6 2280/1/6 2386/1/6
f 2385/5/6 2279/5/6 2386/5/6
f 2280/5/6 2281/5/6 2387/5/6
f 2386/1/6 2280/1/6 2387/1/6
f 2281/1/6 2282/1/6 2388/1/6
f 2387/5/6 2281/5/6 2388/5/6
f 2282/5/6 2283/5/6 2389/5/6
f 2388/1/6 2282/1/6 2389/1/6
f 2283/1/6 2284/1/6 2390/1/6
f 2389/5/6 2283/5/6 2390/5/6
f 2284/5/6 2285/5/6 2391/5/6
f 2390/1/6 2284/1/6 2391/1/6
f 2285/1/6 2286/1/6 2392/1/6
f 2391/5/6 2285/5/6 2392/5/6
f 2286/5/6 2287/5/6 2393/5/6
f 2392/1/6 2286/1/6 2393/1/6
f 2287/3/6 2136/3/6 2394/3/6
f 2393/5/6 2287/5/6 2394/5/6
f 2179/3/6 2288/3/6 2395/3/6
f 2288/5/6 2289/5/6 2395/5/6
f 2289/1/6 2290/1/6 2396/1/6
f 2395/5/6 2289/5/6 2396/5/6
f 2290/5/6 2291/5/6 2397/5/6
f 2396/1/6 2290/1/6 2397/1/6
f 2291/1/6 2292/1/6 2398/1/6
f 2397/5/6 2291/5/6 2398/5/6
f 2292/5/6 2293/5/6 2399/5/6
f 2398/1/6 2292/1/6 2399/1/6
f 2293/1/6 2294/1/6 2400/1/6
f 2399/5/6 2293/5/6 2400/5/6
f 2294/5/6 2295/5/6 2401/5/6
f 2400/1/6 2294/1/6 2401/1/6
f 2295/1/6 2296/1/6 2402/1/6
f 2401/5/6 2295/5/6 2402/5/6
f 2296/5/6 2297/5/6 2403/5/6
f 2402/1/6 2296/1/6 2403/1/6
f 2297/1/6 2298/1/6 2404/1/6
f 2403/5/6 2297/5/6 2404/5/6
f 2298/5/6 2299/5/6 2405/5/6
f 2404/1/6 2298/1/6 2405/1/6
f 2299/1/6 2300/1/6 2406/1/6
f 2405/5/6 2299/5/6 2406/5/6
f 2300/5/6 2301/5/6 2407/5/6
f 2406/1/6 2300/1/6 2407/1/6
f 2301/1/6 2302/1/6 2408/1/6
f 2407/5/6 2301/5/6 2408/5/6
f 2302/5/6 2303/5/6 2409/5/6
f 2408/1/6 2302/1/6 2409/1/6
f 2303/1/6 2304/1/6 2410/1/6
f 2409/5/6 2303/5/6 2410/5/6
f 2304/5/6 2305/5/6 2411/5/6
f 2410/1/6 2304/1/6 2411/1/6
f 2305/1/6 2306/1/6 2412/1/6
f 2411/5/6 2305/5/6 2412/5/6
f 2306/5/6 2307/5/6 2413/5/6
f 2412/1/6 2306/1/6 2413/1/6
f 2307/1/6 2308/1/6 2414/1/6
f 2413/5/6 2307/5/6 2414/5/6
f 2308/5/6 2309/5/6 2415/5/6
f 2414/1/6 2308/1/6 2415/1/6
f 2309/1/6 2310/1/6 2416/1/6
f 2415/5/6 2309/5/6 2416/5/6
f 2310/5/6 2311/5/6 2417/5/6
f 2416/1/6 2310/1/6 2417/1/6
f 2311/1/6 2312/1/6 2418/1/6
f 2417/5/6 2311/5/6 2418/5/6
f 2312/5/6 2313/5/6 2419/5/6
f 2418/1/6 2312/1/6 2419/1/6
f 2313/1/6 2314/1/6 2420/1/6
f 2419/5/6 2313/5/6 2420/5/6
f 2314/5/6 2315/5/6 2421/5/6
f 2420/1/6 2314/1/6 2421/1/6
f 2315/1/6 2316/1/6 2422/1/6
f 2421/5/6 2315/5/6 2422/5/6
f 2316/5/6 2317/5/6 2423/5/6
f 2422/1/6 2316/1/6 2423/1/6
f 2317/1/6 2318/1/6 2424/1/6
f 2423/5/6 2317/5/6 2424/5/6
f 2318/5/6 2319/5/6 2425/5/6
f 2424/1/6 2318/1/6 2425/1/6
f 2319/1/6 2320/1/6 2426/1/6
f 2425/5/6 2319/5/6 2426/5/6
f 2320/5/6 2321/5/6 2427/5/6
f 2426/1/6 2320/1/6 2427/1/6
f 2321/1/6 2322/1/6 2428/1/6
f 2427/5/6 2321/5/6 2428/5/6
f 2322/5/6 2323/5/6 2429/5/6
f 2428/1/6 2322/1/6 2429/1/6
f 2323/1/6 2324/1/6 2430/1/6
f 2429/5/6 2323/5/6 2430/5/6
f 2324/5/6 2325/5/6 2431/5/6
f 2430/1/6 2324/1/6 2431/1/6
f 2325/1/6 2326/1/6 2432/1/6
f 2431/5/6 2325/5/6 2432/5/6
f 2326/5/6 2327/5/6 2433/5/6
f 2432/1/6 2326/1/6 2433/1/6
f 2327/1/6 2328/1/6 2434/1/6
f 2433/5/6 2327/5/6 2434/5/6
f 2328/5/6 2329/5/6 2435/5/6
f 2434/1/6 2328/1/6 2435/1/6
f 2329/1/6 2330/1/6 2436/1/6
f 2435/5/6 2329/5/6 2436/5/6
f 2330/5/6 2331/5/6 2437/5/6
f 2436/1/6 2330/1/6 2437/1/6
f 2331/1/6 2332/1/6 2438/1/6
f 2437/5/6 2331/5/6 2438/5/6
f 2332/5/6 2333/5/6 2439/5/6
f 2438/1/6 2332/1/6 2439/1/6
f 2333/1/6 2334/1/6 2440/1/6
f 2439/5/6 2333/5/6 2440/5/6
f 2334/5/6 2335/5/6 2441/5/6
f 2440/1/6 2334/1/6 2441/1/6
f 2335/1/6 2336/1/6 2442/1/6
f 2441/5/6 2335/5/6 2442/5/6
f 2336/5/6 2337/5/6 2443/5/6
f 2442/1/6 2336/1/6 2443/1/6
f 2337/1/6 2338/1/6 2444/1/6
f 2443/5/6 2337/5/6 2444/5/6
f 2338/5/6 2339/5/6 2445/5/6
f 2444/1/6 2338/1/6 2445/1/6
f 2339/1/6 2340/1/6 2446/1/6
f 2445/5/6 2339/5/6 2446/5/6
f 2340/5/6 2341/5/6 2447/5/6
f 2446/1/6 2340/1/6 2447/1/6
f 2341/1/6 2342/1/6 2448/1/6
f 2447/5/6 2341/5/6 2448/5/6
f 2342/5/6 2343/5/6 2449/5/6
f 2448/1/6 2342/1/6 2449/1/6
f 2343/1/6 2344/1/6 2450/1/6
f 2449/5/6 2343/5/6 2450/5/6
f 2344/5/6 2345/5/6 2451/5/6
f 2450/1/6 2344/1/6 2451/1/6
f 2345/1/6 2346/1/6 2452/1/6
f 2451/5/6 2345/5/6 2452/5/6
f 2346/5/6 2347/5/6 2453/5/6
f 2452/1/6 2346/1/6 2453/1/6
f 2347/1/6 2348/1/6 2454/1/6
f 2453/5/6 2347/5/6 2454/5/6
f 2348/5/6 2349/5/6 2455/5/6
f 2454/1/6 2348/1/6 2455/1/6
f 2349/1/6 2350/1/6 2456/1/6
f 2455/5/6 2349/5/6 2456/5/6
f 2350/5/6 2351/5/6 2457/5/6
f 2456/1/6 2350/1/6 2457/1/6
f 2351/1/6 2352/1/6 2458/1/6
f 2457/5/6 2351/5/6 2458/5/6
f 2352/5/6 2353/5/6 2459/5/6
f 2458/1/6 2352/1/6 2459/1/6
f 2353/1/6 2354/1/6 2460/1/6
f 2459/5/6 2353/5/6 2460/5/6
f 2354/5/6 2355/5/6 2461/5/6
f 2460/1/6 2354/1/6 2461/1/6
f 2355/1/6 2356/1/6 2462/1/6
f 2461/5/6 2355/5/6 2462/5/6
f 2356/5/6 2357/5/6 2463/5/6
f 2462/1/6 2356/1/6 2463/1/6
f 2357/1/6 2358/1/6 2464/1/6
f 2463/5/6 2357/5/6 2464/5/6
f 2358/5/6 2359/5/6 2465/5/6
f 2464/1/6 2358/1/6 2465/1/6
f 2359/1/6 2360/1/6 2466/1/6
f 2465/5/6 2359/5/6 2466/5/6
f 2360/5/6 2361/5/6 2467/5/6
f 2466/1/6 2360/1/6 2467/1/6
f 2361/1/6 2362/1/6 2468/1/6
f 2467/5/6 2361/5/6 2468/5/6
f 2362/5/6 2363/5/6 2469/5/6
f 2468/1/6 2362/1/6 2469/1/6
f 2363/1/6 2364/1/6 2470/1/6
f 2469/5/6 2363/5/6 2470/5/6
f 2364/5/6 2365/5/6 2471/5/6
f 2470/1/6 2364/1/6 2471/1/6
f 2365/1/6 2366/1/6 2472/1/6
f 2471/5/6 2365/5/6 2472/5/6
f 2366/5/6 2367/5/6 2473/5/6
f 2472/1/6 2366/1/6 2473/1/6
f 2367/1/6 2368/1/6 2474/1/6
f 2473/5/6 2367/5/6 2474/5/6
f 2368/5/6 2369/5/6 2475/5/6
f 2474/1/6 2368/1/6 2475/1/6
f 2369/1/6 2370/1/6 2476/1/6
f 2475/5/6 2369/5/6 2476/5/6
f 2370/5/6 2371/5/6 2477/5/6
f 2476/1/6 2370/1/6 2477/1/6
f 2371/1/6 2372/1/6 2478/1/6
f 2477/5/6 2371/5/6 2478/5/6
f 2372/5/6 2373/5/6 2479/5/6
f 2478/1/6 2372/1/6 2479/1/6
f 2373/1/6 2374/1/6 2480/1/6
f 2479/5/6 2373/5/6 2480/5/6
f 2374/5/6 2375/5/6 2481/5/6
f 2480/1/6 2374/1/6 2481/1/6
f 2375/1/6 2376/1/6 2482/1/6
f 2481/5/6 2375/5/6 2482/5/6
f 2376/5/6 2377/5/6 2483/5/6
f 2482/1/6 2376/1/6 2483/1/6
f 2377/1/6 2378/1/6 2484/1/6
f 2483/5/6 2377/5/6 2484/5/6
f 2378/5/6 2379/5/6 2485/5/6
f 2484/1/6 2378/1/6 2485/1/6
f 2379/1/6 2380/1/6 2486/1/6
f 2485/5/6 2379/5/6 2486/5/6
f 2380/5/6 2381/5/6 2487/5/6
f 2486/1/6 2380/1/6 2487/1/6
f 2381/1/6 2382/1/6 2488/1/6
f 2487/5/6 2381/5/6 2488/5/6
f 2382/5/6 2383/5/6 2489/5/6
f 2488/1/6 2382/1/6 2489/1/6
f 2383/1/6 2384/1/6 2490/1/6
f 2489/5/6 2383/5/6 2490/5/6
f 2384/5/6 2385/5/6 2491/5/6
f 2490/1/6 2384/1/6 2491/1/6
f 2385/1/6 2386/1/6 2492/1/6
f 2491/5/6 2385/5/6 2492/5/6
f 2386/5/6 2387/5/6 2493/5/6
f 2492/1/6 2386/1/6 2493/1/6
f 2387/1/6 2388/1/6 2494/1/6
f 2493/5/6 2387/5/6 2494/5/6
f 2388/5/6 2389/5/6 2495/5/6
f 2494/1/6 2388/1/6 2495/1/6
f 2389/1/6 2390/1/6 2496/1/6
f 2495/5/6 2389/5/6 2496/5/6
f 2390/5/6 2391/5/6 2497/5/6
f 2496/1/6 2390/1/6 2497/1/6
f 2391/1/6 2392/1/6 2498/1/6
f 2497/5/6 2391/5/6 2498/5/6
f 2392/5/6 2393/5/6 2499/5/6
f 2498/1/6 2392/1/6 2499/1/6
f 2393/1/6 2394/1/6 2500/1/6
f 2499/5/6 2393/5/6 2500/5/6
f 2394/3/6 2136/3/6 2501/3/6
f 2500/1/6 2394/1/6 2501/1/6
f 2488/3/6 2489/3/6 2502/3/6
f 2489/3/6 2490/3/6 2502/3/6
f 2500/3/6 2501/3/6 2502/3/6
f 2495/3/6 2496/3/6 2502/3/6
f 2494/3/6 2495/3/6 2502/3/6
f 2493/3/6 2494/3/6 2502/3/6
f 2492/3/6 2493/3/6 2502/3/6
f 2486/3/6 2487/3/6 2502/3/6
f 2484/3/6 2485/3/6 2502/3/6
f 2483/3/6 2484/3/6 2502/3/6
f 2482/3/6 2483/3/6 2502/3/6
f 2481/3/6 2482/3/6 2502/3/6
f 2480/3/6 2481/3/6 2502/3/6
f 2479/3/6 2480/3/6 2502/3/6
f 2478/3/6 2479/3/6 2502/3/6
f 2477/3/6 2478/3/6 2502/3/6
f 2476/3/6 2477/3/6 2502/3/6
f 2475/3/6 2476/3/6 2502/3/6
f 2474/3/6 2475/3/6 2502/3/6
f 2473/3/6 2474/3/6 2502/3/6
f 2472/3/6 2473/3/6 2502/3/6
f 2471/3/6 2472/3/6 2502/3/6
f 2470/3/6 2471/3/6 2502/3/6
f 2469/3/6 2470/3/6 2502/3/6
f 2468/3/6 2469/3/6 2502/3/6
f 2467/3/6 2468/3/6 2502/3/6
f 2466/3/6 2467/3/6 2502/3/6
f 2465/3/6 2466/3/6 2502/3/6
f 2464/3/6 2465/3/6 2502/3/6
f 2463/3/6 2464/3/6 2502/3/6
f 2462/3/6 2463/3/6 2502/3/6
f 2461/3/6 2462/3/6 2502/3/6
f 2460/3/6 2461/3/6 2502/3/6
f 2459/3/6 2460/3/6 2502/3/6
f 2458/3/6 2459/3/6 2502/3/6
f 2457/3/6 2458/3/6 2502/3/6
f 2456/3/6 2457/3/6 2502/3/6
f 2455/3/6 2456/3/6 2502/3/6
f 2454/3/6 2455/3/6 2502/3/6
f 2453/3/6 2454/3/6 2502/3/6
f 2452/3/6 2453/3/6 2502/3/6
f 2451/3/6 2452/3/6 2502/3/6
f 2450/3/6 2451/3/6 2502/3/6
f 2449/3/6 2450/3/6 2502/3/6
f 2448/3/6 2449/3/6 2502/3/6
f 2447/3/6 2448/3/6 2502/3/6
f 2446/3/6 2447/3/6 2502/3/6
f 2445/3/6 2446/3/6 2502/3/6
f 2444/3/6 2445/3/6 2502/3/6
f 2443/3/6 2444/3/6 2502/3/6
f 2442/3/6 2443/3/6 2502/3/6
f 2441/3/6 2442/3/6 2502/3/6
f 2440/3/6 2441/3/6 2502/3/6
f 2439/3/6 2440/3/6 2502/3/6
f 2438/3/6 2439/3/6 2502/3/6
f 2437/3/6 2438/3/6 2502/3/6
f 2436/3/6 2437/3/6 2502/3/6
f 2435/3/6 2436/3/6 2502/3/6
f 2434/3/6 2435/3/6 2502/3/6
f 2433/3/6 2434/3/6 2502/3/6
f 2432/3/6 2433/3/6 2502/3/6
f 2431/3/6 2432/3/6 2502/3/6
f 2430/3/6 2431/3/6 2502/3/6
f 2429/3/6 2430/3/6 2502/3/6
f 2428/3/6 2429/3/6 2502/3/6
f 2427/3/6 2428/3/6 2502/3/6
f 2426/3/6 2427/3/6 2502/3/6
f 2425/3/6 2426/3/6 2502/3/6
f 2424/3/6 2425/3/6 2502/3/6
f 2423/3/6 2424/3/6 2502/3/6
f 2422/3/6 2423/3/6 2502/3/6
f 2421/3/6 2422/3/6 2502/3/6
f 2420/3/6 2421/3/6 2502/3/6
f 2419/3/6 2420/3/6 2502/3/6
f 2418/3/6 2419/3/6 2502/3/6
f 2417/3/6 2418/3/6 2502/3/6
f 2416/3/6 2417/3/6 2502/3/6
f 2415/3/6 2416/3/6 2502/3/6
f 2414/3/6 2415/3/6 2502/3/6
f 2413/3/6 2414/3/6 2502/3/6
f 2412/3/6 2413/3/6 2502/3/6
f 2411/3/6 2412/3/6 2502/3/6
f 2410/3/6 2411/3/6 2502/3/6
f 2409/3/6 2410/3/6 2502/3/6
f 2408/3/6 2409/3/6 2502/3/6
f 2407/3/6 2408/3/6 2502/3/6
f 2406/3/6 2407/3/6 2502/3/6
f 2405/3/6 2406/3/6 2502/3/6
f 2404/3/6 2405/3/6 2502/3/6
f 2403/3/6 2404/3/6 2502/3/6
f 2402/3/6 2403/3/6 2502/3/6
f 2401/3/6 2402/3/6 2502/3/6
f 2400/3/6 2401/3/6 2502/3/6
f 2399/3/6 2400/3/6 2502/3/6
f 2398/3/6 2399/3/6 2502/3/6
f 2397/3/6 2398/3/6 2502/3/6
f 2396/3/6 2397/3/6 2502/3/6
f 2395/3/6 2396/3/6 2502/3/6
f 2179/3/6 2395/3/6 2502/3/6
f 2498/3/6 2499/3/6 2502/3/6
f 2499/3/6 2500/3/6 2502/3/6
f 2496/3/6 2497/3/6 2502/3/6
f 2497/3/6 2498/3/6 2502/3/6
f 2490/3/6 2491/3/6 2502/3/6
f 2485/3/6 2486/3/6 2502/3/6
f 2487/3/6 2488/3/6 2502/3/6
f 2491/3/6 2492/3/6 2502/3/6
f 2502/3/6 2501/3/6 2503/3/6
f 2503/3/6 2501/3/6 2504/3/6
f 2504/3/6 2501/3/6 2505/3/6
f 2505/3/6 2501/3/6 2506/3/6
f 2501/3/6 2136/3/6 2507/3/6
f 2506/3/6 2501/3/6 2507/3/6
f 2505/3/6 2506/3/6 2508/3/6
f 2508/3/6 2506/3/6 2509/3/6
f 2509/3/6 2506/3/6 2510/3/6
f 2510/3/6 2506/3/6 2511/3/6
f 2511/3/6 2506/3/6 2512/3/6
f 2512/3/6 2506/3/6 2513/3/6
f 2513/3/6 2506/3/6 2514/3/6
f 2514/3/6 2506/3/6 2515/3/6
f 2509/3/6 2510/3/6 2516/3/6
f 2516/3/6 2510/3/6 2517/3/6
f 2510/10/6 2511/10/6 2518/10/6
f 2517/3/6 2510/3/6 2518/3/6
f 2518/10/6 2511/10/6 2519/10/6
f 2511/3/6 2512/3/6 2520/3/6
f 2512/10/6 2513/10/6 2521/10/6
f 2520/3/6 2512/3/6 2521/3/6
f 2513/3/6 2514/3/6 2522/3/6
f 2522/3/6 2514/3/6 2523/3/6
f 2517/3/6 2518/3/6 2524/3/6
f 2518/3/6 2519/3/6 2524/3/6
f 2524/3/6 2519/3/6 2525/3/6
f 2519/10/6 2511/10/6 2526/10/6
f 2525/3/6 2519/3/6 2526/3/6
f 2526/10/6 2511/10/6 2527/10/6
f 2521/10/6 2513/10/6 2528/10/6
f 2520/10/6 2521/10/6 2528/10/6
f 2513/3/6 2522/3/6 2529/3/6
f 2528/10/6 2513/10/6 2529/10/6
f 2529/3/6 2522/3/6 2530/3/6
f 2530/3/6 2522/3/6 2531/3/6
f 2526/3/6 2527/3/6 2532/3/6
f 2525/3/6 2526/3/6 2532/3/6
f 2532/3/6 2527/3/6 2533/3/6
f 2527/10/6 2511/10/6 2534/10/6
f 2533/3/6 2527/3/6 2534/3/6
f 2534/10/6 2511/10/6 2535/10/6
f 2520/10/6 2528/10/6 2536/10/6
f 2529/3/6 2530/3/6 2537/3/6
f 2536/10/6 2528/10/6 2537/10/6
f 2528/3/6 2529/3/6 2537/3/6
f 2537/3/6 2530/3/6 2538/3/6
f 2538/3/6 2530/3/6 2539/3/6
f 2534/3/6 2535/3/6 2540/3/6
f 2533/3/6 2534/3/6 2540/3/6
f 2540/3/6 2535/3/6 2541/3/6
f 2535/10/6 2511/10/6 2542/10/6
f 2541/3/6 2535/3/6 2542/3/6
f 2542/10/6 2511/10/6 2543/10/6
f 2520/10/6 2536/10/6 2544/10/6
f 2537/3/6 2538/3/6 2545/3/6
f 2544/10/6 2536/10/6 2545/10/6
f 2536/3/6 2537/3/6 2545/3/6
f 2545/3/6 2538/3/6 2546/3/6
f 2546/3/6 2538/3/6 2547/3/6
f 2542/3/6 2543/3/6 2548/3/6
f 2541/3/6 2542/3/6 2548/3/6
f 2548/3/6 2543/3/6 2549/3/6
f 2543/10/6 2511/10/6 2550/10/6
f 2549/3/6 2543/3/6 2550/3/6
f 2550/10/6 2511/10/6 2551/10/6
f 2551/10/6 2511/10/6 2552/10/6
f 2511/3/6 2520/3/6 2553/3/6
f 2552/10/6 2511/10/6 2553/10/6
f 2520/10/6 2544/10/6 2554/10/6
f 2545/3/6 2546/3/6 2555/3/6
f 2554/10/6 2544/10/6 2555/10/6
f 2544/3/6 2545/3/6 2555/3/6
f 2555/3/6 2546/3/6 2556/3/6
f 2556/3/6 2546/3/6 2557/3/6
f 2549/3/6 2550/3/6 2558/3/6
f 2550/3/6 2551/3/6 2558/3/6
f 2558/3/6 2551/3/6 2559/3/6
f 2551/10/6 2552/10/6 2560/10/6
f 2559/3/6 2551/3/6 2560/3/6
f 2560/10/6 2552/10/6 2561/10/6
f 2553/3/6 2520/3/6 2562/3/6
f 2552/3/6 2553/3/6 2562/3/6
f 2520/10/6 2554/10/6 2563/10/6
f 2562/3/6 2520/3/6 2563/3/6
f 2563/10/6 2554/10/6 2564/10/6
f 2555/3/6 2556/3/6 2565/3/6
f 2564/10/6 2554/10/6 2565/10/6
f 2554/3/6 2555/3/6 2565/3/6
f 2565/3/6 2556/3/6 2566/3/6
f 2566/3/6 2556/3/6 2567/3/6
f 2560/3/6 2561/3/6 2568/3/6
f 2559/3/6 2560/3/6 2568/3/6
f 2568/3/6 2561/3/6 2569/3/6
f 2561/10/6 2552/10/6 2570/10/6
f 2569/3/6 2561/3/6 2570/3/6
f 2570/10/6 2552/10/6 2571/10/6
f 2563/10/6 2564/10/6 2572/10/6
f 2562/10/6 2563/10/6 2572/10/6
f 2565/3/6 2566/3/6 2573/3/6
f 2572/10/6 2564/10/6 2573/10/6
f 2564/3/6 2565/3/6 2573/3/6
f 2573/3/6 2566/3/6 2574/3/6
f 2574/3/6 2566/3/6 2575/3/6
f 2570/3/6 2571/3/6 2576/3/6
f 2569/3/6 2570/3/6 2576/3/6
f 2576/3/6 2571/3/6 2577/3/6
f 2571/10/6 2552/10/6 2578/10/6
f 2577/3/6 2571/3/6 2578/3/6
f 2578/10/6 2552/10/6 2579/10/6
f 2562/10/6 2572/10/6 2580/10/6
f 2573/3/6 2574/3/6 2581/3/6
f 2580/10/6 2572/10/6 2581/10/6
f 2572/3/6 2573/3/6 2581/3/6
f 2581/3/6 2574/3/6 2582/3/6
f 2582/3/6 2574/3/6 2583/3/6
f 2578/3/6 2579/3/6 2584/3/6
f 2577/3/6 2578/3/6 2584/3/6
f 2584/3/6 2579/3/6 2585/3/6
f 2579/10/6 2552/10/6 2586/10/6
f 2585/3/6 2579/3/6 2586/3/6
f 2552/3/6 2562/3/6 2587/3/6
f 2586/10/6 2552/10/6 2587/10/6
f 2562/10/6 2580/10/6 2588/10/6
f 2587/3/6 2562/3/6 2588/3/6
f 2581/3/6 2582/3/6 2589/3/6
f 2588/10/6 2580/10/6 2589/10/6
f 2580/3/6 2581/3/6 2589/3/6
f 2589/3/6 2582/3/6 2590/3/6
f 2590/3/6 2582/3/6 2591/3/6
f 2585/3/6 2586/3/6 2592/3/6
f 2589/3/6 2590/3/6 2592/3/6
f 2588/3/6 2589/3/6 2592/3/6
f 2586/3/6 2587/3/6 2592/3/6
f 2587/3/6 2588/3/6 2592/3/6
f 2592/3/6 2590/3/6 2593/3/6
f 2593/3/6 2590/3/6 2594/3/6
f 2594/3/6 2590/3/6 2595/3/6
f 2593/3/6 2594/3/6 2596/3/6
f 2596/3/6 2594/3/6 2597/3/6
